id,label
08c557ba55c554f4,Т
1b328083064cff1c,Т
8714e38db109fbd5,Д
b6de8fca1e565b28,Р
5c29c13ab8f01480,Я
a24841c006fc54e2,Г
8802d62c856fbf18,Ц
a49de2ac9fdc3c9b,Ц
c0f7560c7080d2e6,Я
61f9211f61e844f3,С
498fd20945bb3846,К
676ee08cefaffeeb,А
3e6b65ebc923fd95,Л
a91f59942687ad69,Т
6276d0ee941931c8,Е
ef99265ac95581b4,И
c354fe4d1d743150,Б
3d9d0ed026d24be6,О
4057ae374b40acd6,И
c4a01106017c6abc,Ъ
c8acc2504a3e5b22,Й
f0f922a62840a1ba,Н
7bfbb5a9d46b563d,О
de57ca855c516223,Ч
dfca0a9cb568e76e,О
57828d5c80485712,Ы
ee3ba7c6116bcc42,Х
d17a3bbe8aa9c85f,Р
a6951d8432efe4c9,Ц
09949d3960bad8b3,Й
1946dfc62ef630f1,Ж
8a74caa7f1ffde57,Ц
6bbd455d14f00584,Р
ad0d7bdab1c332d9,Д
36bf36a39a383cc7,Ц
3a602a3f14302da6,В
eeabf706e7ff93ab,А
4f7c00b03f9331df,Ь
21185fe1ca304e87,И
b785817641f4b6a3,М
a2c02724c0a9f5ba,В
74eeba2a2d090f6c,Й
f9bacc9211c872d2,Ж
0b0da0be2b4bfd8b,Э
384f98618ff7b7eb,С
b9d0284fc4defa55,Г
9bfbbf63a4a71c40,К
3459ca4662d9ae9e,Ч
ed770adb88c8442b,Л
27b6ccb6022288bd,Е
06d9ec9b3819d6ce,Ь
7eb7c5fb674e8c55,Т
ae5e11ad2b50a0b8,Щ
e5531357b5157660,Ь
b643556b987cf165,Л
216c3458c97aa479,Ь
ff42215b7dd5591c,Е
7e86a567bbc694f0,Я
3cd6aaec01698ab0,Д
c84d6006b6ddfdd0,Т
fa45f01de654d76c,Ъ
322d9e11a0d60758,Ж
5f7c7f839a51eb0a,Щ
5ce258ea79f82049,Л
3661d6e03d597b5e,З
73369f48c60e110a,Я
f18d1615243ff0e6,П
ca74a8f3c4abe010,У
ade2c4a7f03a204a,Т
57a49d12f3aba72c,Е
b9b76ec4fc9e538a,М
f4703eafba764ce4,Ы
4c02b3d6717a7ede,Ж
fc9e69d008245db0,С
37d41517700b6115,Т
bb203c4e772af8cf,Э
14ec50cf12fcfccf,Р
9b17d445bcb16adf,Т
d3afff33881daa2e,Ъ
bfca3bd4f7c6952e,Р
a3f93dd419fb7098,К
25d63995882b043e,Ю
f4f027eb0386bf2c,С
76786f7599499c90,У
4605271ef29a7e47,З
09afc239d6d6dd85,Ц
3755db24c9afff6a,С
0f8fc167359a76f8,Ш
4ff404d02788e777,Ц
7759f897b779985f,Ш
dc788172485b05f2,Д
7eaa4241fbf469e1,А
3e96cdf0c94cdbfd,К
18ea5bfcac634978,Ж
736ea358ee72bb47,Щ
bdcb46d2fad50947,З
32b32b1c1dde6daf,О
8a8a63a858dd8a44,Ш
168f679be6ede327,Ч
d6f802f6fb967a99,И
05c18224b37ca075,Л
c1153a7301b36b2a,Х
69bc1a619520fa6a,Ш
9dd12627caac963f,С
4af2b84c7f717f1e,Л
5248338ab969166d,О
d8b8a08e05ce8017,Ю
2d88fc8d7b1a40f1,С
64770e540ab352e9,Ш
b79a6f1356997231,Ф
7e8decd6e6b5e0da,О
67cbf3f7f6bb28ab,К
d543311b34e81fb8,Т
9b35e92c7c5b9dba,Ю
6959482b5e5e0fb0,К
d18ea163f8a039ff,Ж
37d0f10f3dcf5b90,Щ
ba41c77d165fd334,Х
d40ec8c47841a718,I
4c10717b6ab3a4a2,Ь
818825dc56085ec2,М
427922affd9a8970,Э
e2b458530f39bec5,Ц
e88fdfb958c1932b,Х
12e5a2989738d835,У
a8287915d79ad6c8,Я
36aa2cfa8a78c3ca,Е
c0712ad104dd010c,Ъ
4db5661faa7598cc,Ч
ecf271861f6d6432,Й
08db3632d4f2b889,Т
73dc8a111c4766df,Ь
77973a5d15778ad5,А
14bd57d99da50646,I
f81efe8675fbe495,Э
6c81ba6d85756cac,У
faa21f9ea7096d75,Э
17318ceb69c2b709,Ш
d4a8d062751ec0e7,Я
b52fb6b1ec1a69bf,Ч
8436cf16dfbef7e9,Г
f64950724489c493,Ш
22584321f07be2c1,Ш
9c186d7174326ad6,Р
766563243477cc7d,Ф
c0b3a262e8d54958,Б
77cc58006e9afa14,А
b4c2c9e29d733716,Д
d59990c0014b226f,Х
eb21019db674c9d7,Ж
23f18ac1f88a2408,У
8c17c6e0db767b01,Ё
d312b12ce627c842,У
f21eed1c4ff80750,З
4f6d174ad197b4eb,Я
614abbdd5ca8894c,Ж
4b3c9856fa034ab2,Г
28e965ba68d79da1,Ц
154e13bcc6960674,П
3ecc869146acac24,Е
a372087b403d8e57,Е
d7da7c3726dcc08d,К
6c596a67c929e82f,М
1947709c967b0663,О
3b871c3cb17f8b78,М
e5386bca13e2bcf6,Г
75980d8b7977f5ec,Х
36d75a3ba26d0863,Ш
b52348ab1ba080a2,Ф
bbd5e6ae4ef075d9,О
0de6aa42d9cb9fd2,Ъ
b171e15c28e40ac9,Ш
4d0fb36257a22cd1,Й
1dc3da1b1b8e036a,Ъ
fedded53656e0c28,Ц
2544e6f32d8633af,Л
765087c706fd4e1c,Е
f6503b121b183963,I
35f055af3278fb66,Д
9340e07cedba2888,К
11e2104f7f70cf6a,Т
ceb000b38f1346f8,У
658c96dc324702db,Е
bd2f910362a126b0,Ч
ae75671dd6f5c4d1,В
e68b5673dbb917d1,В
85f1fa830a450b21,Щ
e8ada71e33c0d55f,Ш
d493bff51a2765c9,Е
689be4bfcaacf88f,Т
ca2d5183347b1ce2,Ю
57fa621930dc1044,Щ
8f7bac1885ff2a74,Ж
a0ad1e83ffe1804a,В
4bdb8014186fcb4b,Щ
8c30d377b697e327,Ё
d5fd4078f65fba47,З
dfadb9290d50af26,Э
5ecc7be18aeb4ef2,Д
1b107eb142bb7b64,Ч
5bbccfa44bd0ca5f,Ю
6bd9673c4ee4984e,И
06257f2aee4c5270,К
ef612b55f78df05c,В
6aa7d64899f59131,О
c1f80bbb7a283b05,I
c8a4a3a15de8a879,Ю
d3f149b00c3940fc,Ч
7f6bca5c43e580cc,И
8adb15b0dd9d550d,О
95f003088e321974,Ь
a7bf9745b420dbc7,О
0c0efcdc65872fd9,С
81e5e864f268efcf,Н
f77ab531d6710185,Ч
bd00c3f60cd57946,Э
be4e7303e8407687,У
943cb48dd0c4bb5e,П
7793ed2eb42f58b9,О
84830e52de91a2e4,Ч
f56078de81391fe2,И
2984aaf7794f8d6d,Ь
0d287ed0c4a16d82,М
a6c56dcf7f47988f,Ж
c3bbd50c8fc93863,Ы
f4a236e825910ee3,Щ
c6a36b2463c2d33c,Ь
eac0e925d9a014f2,Г
b08fd4a9a5232cbb,Й
e08e9640ee58a5ee,Е
fb1ea779558f2602,Н
300fb1e31dc1082d,Й
e4c3f674b92e46e9,Я
030c7e1e002ee53d,О
2103cd6ff93c2668,У
de564e3775219d88,Д
f0f87fb02af9a0df,Ю
ccec545c8d362d74,Й
5938441eb0fe7195,Г
764c73c4572ad565,Ъ
57903adce6a32e20,Ъ
08e2b17357fc54fc,Т
7121f8bb413fce50,У
773fc5ca18224b83,Ш
5322f0f67cc74d83,С
d72ec86920ef780b,Ф
ced257d32ed55304,Н
498438c132316ea4,Ы
5ab5e0ba3e386ca7,Е
f6c3519e78da092e,М
a37db988b9a3b499,Ц
7639ca46d0b83619,В
de299cbff714f59d,Ч
f0e8361e78aed869,Ш
5b5b65094a72a79d,А
10d68dd84204da07,Ч
2c713b4307754376,У
629625da7f4a5bf1,Х
2365edf1be9615f1,Ы
e6a58e8d9f0eeeb4,А
5168f2b091390e5f,Ю
b8ab0a7b689edb3b,И
69daa242a0c8f383,Ы
7ee74e53faa21a4a,П
4bfdb2c83fffde0f,Ы
14d73b3bed1c91ea,А
a3f35e78a4412b55,Ю
a56c728721151a3d,Ё
f618d895eade93aa,У
8fc1a4bcec082d57,Щ
6a9e15f06a1295dc,А
d943320b8ef13178,Л
ee9264f73729c679,Ъ
5d7d27619b244375,Ы
ef9c27292c5a55d6,Ц
b51de3cfbe20d6c7,Ж
ff1e5d74626284bb,П
2beaba64aa0f57cf,Ч
8450563fe9e182cf,Ю
2df4c09a2a152ed8,Х
9cf68c0338c538ac,Ё
b620725123a9d856,Б
bcdaa29d632df1fa,Й
dcb7ab9f2d401963,Ч
b5b8c3847f50cd2e,У
81bb560afdab4e90,И
2973174c20b88fa7,Ь
6354947e467abacf,М
5511f91bcc4733f2,Й
f7a7ec4d6b88f4e3,Б
7c5d61e9107143b2,Т
95e330dc3794390e,О
1f99cd532f09f08c,Х
8eefff647659f0e2,Х
0ffa5541060d584e,З
9e935b080ff6258b,Э
f69b04b4164c454c,П
cff0527292430b76,Н
781e45bb8dc65dc8,Е
981843d13f175ce0,Н
67774bf664f2e36b,Ъ
2e72650edf77f5f7,А
cd9d420d868b6dde,У
6f49c17cb37c4b04,И
e586d2cd8bc252b4,Ь
68b6eb1c379bb02e,П
cb2334220ffad6a9,Ч
cdab7b885c0824a6,Ж
c4c442c9daf355d0,Ж
feecdd61ba5669f3,Ж
763317666ecefd7b,Ю
958585e1db55b51d,Ч
c33c092ceb88cbcf,Ф
5381b8c42362aeed,Х
a3f312a0d31ae499,Ю
645e72e6d7c180ed,Р
f429b3748ba2f3bc,Ю
ef7c7b04c743f281,С
0fe5fdb100e0ded9,О
13b5129f41911f93,Е
5f5c958d7be19e5c,Ф
8db80b63d9f2f3a5,З
75289fedb99294e8,Г
aaa8cf144865aa5f,Е
6fa435395691ef65,З
f8f48e8632a6b0e2,Ъ
661b0467c579b1d2,З
b1aafeead9039a83,Ё
9b9955ed05a3292f,У
510815b172f25b9d,К
6496b67f7f453314,Я
488745aff0eecd89,Б
937c8107c80c1467,Ц
bb861e4352d3158a,М
490d56d8d2d37b52,Л
5add8f615ff15fb3,Г
32a054b4680ea26d,М
95ce33a23eb48671,Ё
b34e2d3dea63257f,Ъ
9b1feddda281e8fa,Ф
16405e6f7b46c4da,В
36d42d06c464c40b,К
25bf816301991ced,Г
bcb88c8827b5763b,Ч
f96189aaf860e45e,Й
498aeabb9f64987d,Ю
185be816c2324fe6,Ю
bbf95db0b0b8de2f,Н
d78aca83c5a7a7ad,Ё
bbe12f92a7f10654,С
893255da1459f330,М
90e609150e9e9bc9,Р
ca23df6cb803e224,Ю
2abd668536e8711c,И
413d611e0a8a6145,В
da3028fa2c54e4ae,И
6e69737830f7fce4,У
1b886cb00a279e04,Т
54de2692788d44a3,Г
6da1a42cb142aba5,Н
6facece1b8fed018,Ё
5972c6744eda8feb,Ъ
b287178ac1ab309d,Н
feed0623401fef2d,Х
a692aad07d38be97,П
a0f469cfce52ccfa,О
a85991faf79be8a5,Р
aa740ff547a4ddef,Н
5533b3629fa50fa5,Ч
b362afa36dfb69f3,Ы
6b16677488968f05,Ы
a25a1b8153fc8b5c,Г
5041e98047a49a48,Е
b362e07ea9427a97,Д
3e99972a5b30e66e,С
58fca624b4610eb3,Ё
0ce5189b8cc36dad,Ф
ee282fd6f6d8babe,Ы
1590dd4ee0f3b6ba,Ц
6f2ad2eadec0378f,У
9ebc3d9aa9562d79,Е
e9f5a2349906a5fc,Ф
63a5cad4483a0743,Ь
f741f4fdc9b7719d,Н
30e0d946bf7c66bf,Ц
9b1cceaf761e1791,О
7b9e3a0f2753bae5,Д
ab95b4ed040f3fe7,Ф
3c8d91646409defa,Ы
de8b66de66bb4e6f,К
4302627b67ad2eea,А
af353c5794ab85a8,Л
095502bb258f4bb5,Ь
7414586d1beff346,Ь
c939e0e7619bed92,Н
84846225ec5362de,В
bffa2e6187716b50,Ю
6c0030f8423dcccf,О
aae915bac1482b01,О
59e627dbf9e88728,Ы
941a053f6f054bb9,И
63fdfb638795d629,Л
f2927803eae5d32b,Е
ce34bf54ed9ee108,Х
b504cc188c6e0b35,Я
071ce7a714411bd0,Н
5af8e10b145bd474,О
f8efc337b107e5e8,Г
8b8e849756d0fae2,Ж
f91eafc8688781ee,Ц
9b487cdf18be78eb,Е
d5b87d46eb25ad62,К
f7b7eb27dea92535,Э
42cc70bef1a72bf6,З
8cc6d7c592136782,Ё
7ab4d4dad40191b4,П
577d112ad42e6129,Е
c782b15f7909c023,Ж
68c91fd42f9409a2,Ю
a0c8e425147bc64d,Ч
ebc6ecba8d0bb428,Ъ
a59ec0298d252788,Э
2c6ce4ca8a61247b,I
8c7781b046886838,У
ab99526e99bb5ff9,Р
6c4c6005f7517105,Д
d5c7d8eebc22430b,Ж
5181a8ac02083851,Э
efd8513ae70025aa,Н
d38bf3af71ecac68,В
d1c771548dcaee18,И
faf910ca85e2d387,Ы
d62c5ac4197a69b8,Р
1e56aa01af6481b5,Э
26e7a8bbd707271f,Б
dbfc8c9dab0893cf,Ф
0885e1710de789d8,И
edf8c85e820b81c9,В
553f8456a62a3107,Э
f7a480ffc9325fe5,О
db1de0e7d90bac0c,Ы
2cc02268e723015d,Г
aca9acadd3e98b0e,Ш
b9d6ad2d0f7ccec5,З
9b96513bf59d0d35,Й
d9830352e487151b,Ё
6b1a2998441f284d,Ъ
d04fb5c6480d109b,А
6ae54b5494891a34,Ъ
d759ebcfea01fa58,И
a1382e5ff3359e21,Ш
6aa82176a53dfabe,У
44f40b0e4326ce11,Э
3f58fb4856d5ae6c,М
ebbcc59d56ea7f7c,Ш
ba70c3c7601e0825,З
e8cb5a27ab37a735,Ж
b39da109af1dd050,Р
0dd7755b9cb3b7f5,Ъ
7dcdaeb7f7d5a305,Л
e282bfc98de9e059,О
c6441537100bf3a8,Л
990ed4843061a9ba,Ё
a31765158a975602,Ю
7cdd631150ee0a7e,Д
4229bed6f08a9ad1,У
08140feb8b890889,Р
b68db3e00ddc9240,Н
80e83174d88b3bd0,Б
520c87a57450cfbf,У
56de8f10808f2a33,У
bf1ca443a7bf8c14,Х
de561077ccab44eb,Ф
fe4ad2584a2cad28,М
5761d024a519b132,Т
2f68ca6415729526,О
d8e7bf8bbd876434,Т
8125a809a6e0bee9,Ё
d01ac348c077956a,Ё
77ad0465a59c1e23,Ь
f3e08d8a9ac5d25d,О
20f7cb5d7819a4af,Т
8dc0ff65c669d92b,У
93a5476f3b38a244,Р
4dc6faab8d64b16a,I
bbbc229978caf384,Й
4314501b4f473359,Р
5644bbbf136fc091,И
330cfe363d0194f6,Ц
b6f69e87c49f2876,Л
71f361469c364612,Е
743ecfd5735194e2,Н
63a2cd2e110c7a53,Ю
2e2f132a6232e125,Е
eea852972bb7b2f9,Ы
75b17832c526c1ed,Ж
b6fe43a56fa373a5,В
fefa55dbddb83f80,Ю
2c04888909c4d690,Ъ
e05ff11ab7b03acf,Я
f0925ca23ea56dbb,Й
fde1c96a9ba1dd4c,Ц
e493122f6f99ecdc,Ш
ae6d0fca53468f03,Р
fd5d6dc6d6869693,Т
7486c2a6e8622017,И
3d8947320e0604d3,I
26d4591faa812294,В
1837755e5a548fbe,Г
d88dd913046ba255,Ф
99d835ea503e8cc6,Й
a7106c5abfda0627,Х
95a0d9bd681bad56,Н
44f00af3a8429d98,Ю
069a971d19f8ffe4,Е
958b9bd7d8272714,Я
b42d53067d4bbfc2,Щ
d99fe14f45c318cd,Д
d01f2ed694b11584,Ф
4db0e25630c5349d,П
f5ccdd3c31295d95,Л
810b0d320f9d49d1,Я
50080115c4102c91,Р
6bb91e93d8b1dd50,Е
be8cfa7edc5b24b0,И
5d9b146cea28ac22,Ш
55d37c74d037633b,Ъ
05285ad58c5ea41d,С
3dbae6da0f399b0b,В
37329e0eec8c5e70,Ж
b95cc306a6c23be4,В
97864ac36944d31a,Ч
d49a468c53703167,Ъ
5af66e500410816a,З
af66e9b2dff67c7d,О
54990ccade19474a,Ч
b9c2c2e108a7590d,Х
e7d3c364ebd21674,Ч
cdbbc640446492e7,I
204df8ad13521420,З
50c447821e86553b,Щ
45ffc0c6c90fc9f6,Л
20ab67cf3ecec620,Ц
d85b4977af2861e4,Ь
70d716688801a482,Г
2417be936189feed,А
dd2726a47087a48d,В
e6e5d08b5c87016a,Э
8d641e754c414044,Ц
65dc032c31fe48ae,Щ
435c8d137984be1c,П
51484da1931e0a71,Т
4c0c083d3f4fa562,Ф
c2486a8dbd5d9533,Ш
6e219ea76a1146f6,Г
2a61a35d05cd29d9,М
4a92bd6ea3b3b017,В
73f6b0e4045859bc,Ы
c62479d9192e2abc,И
2c4bd2df182edc72,П
9b8765bc7186e2b1,Я
ce9cd3dcf527491b,В
b844f13ea28b5671,Г
c7e13e9c29e38b57,Н
52decc7a67ab753d,О
bc3775ceece913f4,Ш
dd1420097557a194,С
a2df375eb124a5ea,Щ
407320867766e5b3,Р
f530a434f46b20e6,С
3326082fcb34ed08,И
f5af6bb93acf4d35,М
398cc75a26e4eb9b,Ь
8b5b46abc06361e1,Ж
01cd0e0ac958a494,Р
24e7e32d984eef7c,Я
41d005a4b4d3ba15,В
a8a24e063cb61624,Й
950d865a9d675ddd,С
aa7147a495e2e226,Я
61ea1b07386736cc,Н
6b6d1b9baa79a1b5,В
effe802f9389a558,Ч
3669812101420ca6,В
407f8b0eed0dcde0,Ю
d68e93c8ffa8a8ad,Т
f7e61ff9ef27024e,Й
23ff533a34612dc0,К
d871d724d21e5573,З
ad0c1fa2dabb69c7,М
a3e1163e5644fd30,Г
8524da939fc9052f,Г
a62d72fe97fe33d1,Н
c4361e5ad988da96,Р
e29c6889ef444527,Ж
3efc0e2a47203cb7,Ц
96e65e9622462580,Н
8a437dcb3c6d30e3,Ч
aaba83f07ef907b6,Я
4f3d22a46d6c45a8,В
947f6ab0e192aab8,С
acfe9254a58c50a7,Б
fc6a35f68d74bbc1,Ю
a8c2ad1bf0a8861a,К
60df41600e6d0010,Щ
fb632f7868a80902,Г
55e39c9bd35c0fd6,Х
84bc0bda1f56b32e,Э
cf1c5289fb0e901f,И
01d9e67b0c52acb6,Т
5ec305efdf1a2664,Б
3664e3622513ba81,Ц
23b5eeef4788d211,Х
cea3bce4a5ae1742,Ё
9eede1cbca88938f,К
20daf988408bc940,Е
3fc2bca792e6491a,Е
dafcaecba43b55c9,Б
fca0a3bed308fb32,П
488544fead56d132,Ы
aff7a522d32f0c40,Л
50ffaf2a3a9b7d08,У
f1fb81de16fcb97e,М
b601fcaf075d59e6,Ю
d4f9faddb31746a2,Р
85de579d4c95a9f0,Ш
222862a763d11531,Я
42fac4f31f59832a,Й
c9e4971128ec7113,Ъ
4a82668fba331f2c,Т
dee4664d16939d23,Ц
74c5bfc4231f04a1,Я
172f7d4e5434f863,Б
017f3c8b5cf08be4,Э
f4a01d29099856dd,Х
b2b515cb460c504a,Ъ
ea6235028d12221b,М
3a11d5259c593195,З
50c170d491da10f6,Ф
16e01f34b0150568,Б
663891dc83b70e1b,Х
2035c86ac39f13ea,Й
e04581b7b8f4b334,Ю
1e25dae78070cf00,Ц
e0b6812ed2f1721c,Р
28635cf214b8e441,З
6fe5f4adb36a04e6,О
6beb98bf41f0a9cb,Э
589c471c5d335af5,У
b00b1abf23b1da43,В
a901631a7fb20b5c,Х
2339c854a34518af,З
a6c5deb11970f3ac,Н
476db5a2509399f9,У
4666b38d5b49b03f,Г
eb0a093b1f2a3535,Щ
bb7e406b4ab2cbc0,З
a20db62b84666ca6,Я
0d624a3219f49375,Щ
319af9dd19fe773e,М
f1a830fa229f0bba,В
9748ba101ad819b0,Ч
491946f69a185eb7,П
21062dd5faaded1d,Е
cfa92381900ead17,К
9ac361477957eb42,А
a37576fd019e4d31,Ь
e39874a482f5061b,Л
9259adfd7bc55de8,А
964bbab6ccc0373a,Б
d5474ac2cf4167d9,Й
2d2a3d4a8eb9528e,Д
293621f9a54a90e8,Ъ
1289265f0d22ae92,Ы
af88acb77bc0f807,З
aeb3775d8bd3d06f,Ш
9ce7a8a9d467c990,Б
9dea04e1bc1df751,Ю
c66f2884a1739cb2,I
34a5d015f00800b7,Я
18d472bedbfe9276,Ш
d3ae897a173013de,Ю
d3fc97f648df3e26,Ш
f572b05f3ea6f286,Д
95c50e11c39abbae,Э
f207c89a86ba7dae,И
839421ddd12f3404,Б
a6558977833cf8f5,Ц
f973a9b9d1b84662,Э
87d7a877be6b86be,М
68ecb9fa2f700423,С
d575be6f5f09fd80,А
67f2a51a34588e18,Ф
b3f2e12a3f17033a,Я
5e50f1fee05d7d93,Т
6a02fb6984bf35a4,П
6179efda8042c964,Ц
f0007581771184d8,И
4867c14b1e8fb8ff,Б
880017a95c3cbeda,Н
319a164dacc41b37,А
f74a3fb5c43e6075,Ъ
519c567bbfa55b1c,Т
c6cd9afae0897b10,Н
fba0f818a8bac623,Ц
821d005375e6c818,А
0bf883615c7eb3fe,В
499647754c543c3c,Н
c40da95e00814087,Ю
2a53da3b5aa111ae,Ь
8dd0741d5a56fbda,И
982febad7c260d9c,З
3e1148cbccd16436,Ф
4d2bc84bc472e70f,А
a9936408ca82f1bb,Р
826a761375eabd8c,Д
fc2849e6e8763c58,Ф
66e50c156aaff8f0,Г
8e791b712f4a8bb4,О
7086012eb1854ab7,Э
89a670e99e659dfa,Ь
f0b5656dc60fe1df,У
555d44364c678db9,Ю
a47b698de7f3c238,Н
33713aba81bbb4a0,Д
4063eca56a37ee48,Я
64a4dff39db8fda1,I
7cf0cd215795bf79,Ц
3eeaca529959b41c,В
4ee66a0340d405d4,Ё
169ee04f4f046df0,Й
2c5e4d95121a0540,У
874c54080ad25c48,С
0948b158655dfc11,Ё
3dda5526c209020b,Ь
2592789925767ed5,К
ececc7a8a6a47421,М
d2a44188a16c0791,О
580fc34121232a3d,Ь
f96ae6c01eb46c0e,Л
82c5b0433014ae11,С
f670f8860cf7ac02,А
31a3b48746b0fd83,Б
bf4e085f4b536e9f,З
6bbc84f4b94501a8,Ф
7eb352da5c7cd77e,О
7149379232994dce,Т
8755a0aa40da2885,Ф
511a7a5e3b116424,К
6b80b47b40013b70,Л
c29c8fcbe69f11b4,Ю
54a9108f618ca0a9,Б
c27b2cdd79fd0e4c,Б
2eb09bc34bfa6239,К
96d79bab72c3f2e6,О
74c3d6a7c1783098,Я
551d126108e0f620,Ы
a8d0ad8c6a1304fd,Э
776889f0d23a33ba,Ё
71fe9c8c281e8472,Ю
686af8fd7d4f2917,У
2cd1313b6edceec1,Н
93b6ca07e891eede,Л
ecc3dc41ec387e66,Ч
077d27e72d597035,Я
e3b1906a609c5be3,И
200cefdadab695d9,Й
96f0c2a15a98dbd3,А
43a73da1e337f33f,О
c4eb665209574a0b,Т
6a8a490342f1a183,К
e88fee146c1d71f8,Щ
96a3aa7f3b79d73d,З
412ba65c46d1494a,Ч
c396d589f58a91ce,Й
5e43788cc44ea168,Е
379c591ed1b5767b,Х
27cf4d411cebebc3,Ф
46e7b8b0b108d3aa,I
a659879ecc39c13e,Х
bb71b703411ff6f7,В
3bf683ca5b72da5c,Р
290cee6ac6eef5d2,Р
30db03de7f07f8c3,Н
d63bd13046d4ba46,П
5419efd7213edb6b,Ъ
9a3b4bc498d93bac,Б
a73e51fa5c4ba9d3,Ц
49e61190de08404a,Т
d8035a4a2aa8f88c,Р
9349149761ec622d,У
f086de98a51e2771,Х
f37f88f2682361dc,Ж
b2543b5157755f3b,З
1efd052cb818be96,Ц
4e7cc8222c33d23b,Б
452d7f4968659ff6,Ю
7c79090af98c6154,П
3e7afd3bd13f62a3,К
d8acf1fc620f745e,В
49c6dc76efc6a0d2,Х
2f081fc58c692c48,Н
43a013e8601cf0bd,Е
57463ef763313dd1,В
d8afac108e755a42,З
875d5befdb9cafe1,Ш
5320c297d57431ce,У
1b3657293d250792,Й
63b3a78ffeeab97b,П
a95d309b8a2b1d9f,З
d4848fd879eed926,Р
bfc97936a8deab1e,З
5164585f169640cd,О
a791216dc4e8d110,I
11de5e0abcd4f753,Ы
87c68337eff3e15a,Н
1b2c3a8c12d24f6a,М
161d3edfbe397427,С
ad91fa71f5899af7,С
86b873565adec2b9,С
8dc96b7f599071b4,Б
6fe28022bb8eceb4,В
842a2a07a2e11a9d,Е
2169879008ec862c,Е
d0ce29b4da219a6f,Д
48066bdf43de219e,С
4f7f29682425c18c,Р
4f06bd3ebf50f061,Х
6c8ed6054a20f903,Ы
e2429be12b47193a,П
202e4f3b3a09fa7e,З
83093a7e475823c5,С
a92690408cf47c2d,Е
732bc283834cfa33,Ч
7ef5698c83a6d5f9,Ь
e44e595558fd19fe,Т
b88ffc7019a11886,Ж
3367680572f65ff8,В
7bd4a9517333e166,Ш
645200ff65ca8509,Е
2d45aac2f45f2d05,С
196380b9413d68e9,И
51579f1f97ca3c10,Ы
e07805e61a2c5d13,К
965c60545104eda5,Н
655be70e0c58a92b,Х
3f4b0cf2064711aa,Е
d928bcb13cc415e4,В
0d49aca3e156cb98,Й
6974fe1e0f4e9888,К
af9e7c38ab471527,Щ
490a693e2f99c724,К
aede8f7cbd92c295,Т
28b3ef83d863209d,У
8579f64ec23b8d3d,Ж
d052060d1846c9d9,Ь
46f5b4f83d497ea7,Л
1d8316257591b542,У
4496c279b5dea1f7,Г
db4425644adbae12,В
4039e7d8f2b9d494,Э
79a2844969032655,Л
762a440c87443bb8,О
2b49148e84958bdf,Ф
9b7119b8685f3044,Ц
4dbc89af7a7ff13e,Т
8fe3c35375c72d8e,Е
42d47530cc04f3da,Н
f7bcc498eab3454b,Щ
db241ba7823a4e6b,Х
efd854774b6243c8,В
cd43c0579a2eff5d,Э
ae56b504581b1f97,Л
0dabd62e81bcd8b4,Ь
9955c8e2f0cf9a78,С
b26480757959bbd1,Ь
00e7a89c030bc36c,Г
cd18772497a2cbdc,Ё
39e0044011411bcc,С
d61c2af9537dbe76,Ж
01e966ec531c3d35,Х
c80987eda6ea6ac4,Ь
988a69157affab8f,И
85267d923e02a396,Л
f104c55a4e8c67f4,Й
7770c10e2eb27e99,I
b413a7ab325db642,Р
ffe2e69824bdc091,Н
18afb59328d64a10,С
d67a2519c25d9ca6,Е
644f659989077ba5,Л
e7e8dcbb1dcdd931,С
de6e5a16bb394453,Ц
4cc2da7d09a7fca0,В
3e2ac5679fe50dcc,Ш
7d8728e20efaa827,О
c510394b47d9b0a0,Э
6b980d0bba12cc5b,Х
ed58789e69568986,У
069a8dbd5a1a36be,Ц
95da77a57dbff171,Т
84049bab1d0d444a,Ю
e850e92674ac5ce7,Н
9fa7b0cb97939125,Г
4beba28c62b8b955,З
dcdfe64a047de1d2,Ч
4a71d8fa3d57526c,В
9d14742e3f1c5bf5,В
324334c530155562,Ю
daff2080daa4449b,Л
4ac893d2a19daf98,С
979193b00c0748c0,Ш
ef59c934c8db5467,Й
69970b82325a44a2,Я
1c3f3936c502b54e,Ъ
df57a5e8e2975bcf,У
cb083c0e5a9ecae7,Э
b1def606dbf9f046,У
6e36262c87c7f8d7,Щ
d5d94f017404e6b6,З
913dcde07741c81a,Ч
82aadfae7a119211,Е
f708de622921752e,Ы
06978ac61d8d5ae3,С
fdb7e8ea6027c5fe,Р
1331fbebbad2050c,Б
99ab144dafb6005a,Г
2cd3fb438de189fa,Ъ
0c0d81233f932b35,А
7a4212b06aa6d3d9,О
fb006eed474f2ce7,Ь
f207b8138df59bf0,Ю
66770f3d0d077051,I
f7a9d7bafaa1a8b1,Ы
a7cd50c2fe9c33bd,Т
234d3bf0ed77612b,Н
74b67e7222e5b79c,Ъ
9f9901380a13780f,Н
0fb6cda43430474e,Ш
d539167f74feca1a,Н
588497f05bf9633b,Ю
dcee4e539f53272c,С
9f0833efcc549b5c,Ю
e1eb3c51418055e5,Ф
4686cae6a038d124,А
4f490b8f67b0ccbd,Е
6b12eba57911c6ce,М
595a289e2551470b,З
542ce8b5579d4dd5,У
cff843a3a32f80ba,Х
353378f1e83ab0d2,Д
9c4252559b2491aa,Щ
80f447f85f0479c8,Ь
4f4bf990d66edee8,Д
06a20bae817b08e2,Й
e8b54edc70cf2bb2,А
9619adb4182c8ffa,Ш
4757a2a2f8ce5706,Б
d010c016d3b13c6a,З
a59dd6493ba82d55,Ю
21137e5723f9c607,К
5aaaf45921df9ff8,Н
c8b757783750e351,Ы
c37b57628d87d542,И
b0a21852689365f6,Н
5bc54232a874c210,Щ
32a592e79803ef52,В
1f29a406bb4ea3e0,Р
7d07e4b573c44b6c,Щ
d50e6dd2a2637a46,Ы
73c4ffd1da71bad0,Ж
ccd17b80eb0047d7,А
74fbd313efe502a3,З
dc43761f62492731,В
80c4af0fe12392a1,Г
00b301afdd92afc7,Р
8bdb8494d6f119c3,К
32f742bd5b07bbc1,Н
03bfff40c3bb3000,Ц
1a7b633c40085594,К
26493cc8c2c95056,Г
45bb466af3a3fc97,У
e99309ba87c7ef2f,Ю
3525d2a0f32f2b71,Ж
5c3dcf1375cb78e8,Т
6502fecc26bdab9b,Я
9e800cd3832f8638,Ь
d7055e48b02dfaf6,Р
a851b5c1ba5a909e,Ф
25c954ebe7a76b3c,Я
4283eaf81223782d,Ф
123593da289925b9,Б
1f4ad16dd35e81f0,Л
346ae3585818f83c,Е
071d7ad1d2c0cd63,Ю
5396c9b7a55fc3b5,В
b9dfeba377302ad2,Б
6c7f87b918e9dbe3,А
d451f4d8897de9f9,М
6261c1f1dcaddd23,Й
7acc4becdd59d2d9,С
fd003c065ba4ec2b,Э
61f525bff158a36d,О
4930189ee775c0f6,Н
20629f5296ad5cff,Й
05656dcd52d89ae0,Н
f3c78833c8c75824,Ш
965779fddef74c53,И
96078d474e57a9e6,Б
9bd6bed45236b1f3,И
37602d6da194be64,Ъ
785bc49ad7e5dd37,Ы
64ae45f3214a2371,Ю
f29920cc4ceed707,Х
f49a9bfda336b31f,Щ
a6f8db28be0dd0b8,Д
f309ed7470780622,Ъ
bed42311b182d791,Е
812d609763901d71,Ц
a2da5c061260a382,Н
5ea202b1dfc942f3,У
008199133c184ef3,Ш
1a577809da354c6a,Э
e75c20b13e3f9f2b,С
bc9a3551576ac86d,Д
6fc9a48dd1e6d488,И
ced7662d7ad818ec,Ц
f348a31e088ef7f7,Щ
33544357f2bed766,И
aff266aebb26e994,Й
679f7d73b15bfdf9,А
817dcf455c417111,М
a6336d3e7265bb4d,А
6a06a6f10dc8fdf4,Р
b9762f783e59bbc1,Д
de7a9a558b191149,Г
85782c8bd72a905f,Ц
24f0cbf8fde0bd8c,У
f02f44df66b22c58,У
034cff7e3cd82ca8,У
71bd7ce1755b46dc,Ы
08fd5d64aa0b2b39,Г
dbc037f352fbc331,Ж
42f9634359dd3eb0,Ё
234a2660598dc74d,И
c07b68f79f442f08,О
c600a7b815acb7ce,Ц
9d72d89e8dca487d,Ж
72df5bc1fe24d303,Ж
b90a315da78dfdbe,Е
d9203b4ca9165482,П
bcfb43e70ce1ec1d,Д
c61c2a4e0fa59697,Ё
14d496ad1b9473af,У
dba522d2fe58bc2c,П
da6a4fd40bc2cdbd,I
1490021a762d7028,Х
90ab8c781e830c4a,К
d002817de77ce767,Ю
e4e99689f8721c69,Ч
e0a3bded4ad8dafd,Я
180d6a8fc952b97c,П
bed370cf6d2daab2,Й
dcb573f5e487e7ee,К
e183ead54c52b5ec,П
5b8fcbbc759735af,У
0151b73c14e05262,А
c8ca8f0993cc795f,Н
09c0a1e66112ffd4,И
719e5baa5bfda60c,Х
bff5293d580456d0,Д
138de15c37eaf0d8,I
63826a395235a45d,Э
8e4fead2e86a5345,Ц
db8f115e2382b012,Е
c4d28ff342064001,Щ
32ac147d71ae616d,С
ebabda65d9c728e7,Н
581d6dab0e52dd37,Ф
cdd2a5e82aef225b,Т
3d29ea6ad0bfdc3c,Ф
ba6c44196ec8d10c,О
840fa7dbeec90c57,О
c60cca972f0d5527,С
9533692c356ae695,Р
5ea9356d0c5eccc1,П
2b91aa1bc282790f,Д
dd05d55981927c56,П
0b0570a689e30445,Е
1b9b4fee1e02de16,А
efaabf5dd4dbac4c,Э
dba367a0ddebc5c0,Р
64b4bb77d4d2f922,С
be03033a7898d6d6,М
710ecbe835d6b27d,I
c6b7d6c977a99d7e,М
1cb3cb64aa079454,Э
c6c675ea3f872637,Ш
bcc71557f4fb39bc,В
bdcc07d45fe669f1,Х
2db466cb90044e57,Н
eec11baaf74446a9,М
2840e6e32ea3dd61,Х
667d766ee866eed8,Ё
15b46d5a2cfdde0a,Ш
577c5f1c4a43ae84,Д
92bfa425959365d9,Ш
fa34d33e994bd0fe,Р
11f5eff5bc3f7733,Р
7227a792998cfc5f,Б
e664eaf3289d31ad,У
bcf09581f2570406,В
9b587a1a3c0efaa8,Б
981e0f6453d95bf8,I
f254e60887052587,Н
e9b21840d0b7f4ca,П
2122748a66c24bc8,К
969b85a716d6d5ca,Е
fae3545959500e5e,С
b9d6576762a7ae46,Б
fbfcf2f1ad58c54e,Х
be5cd6e9abf2e99b,Ц
b2c2116f1fdf5701,Ч
e3906cf229add0bb,Е
c8b7ac57aa409710,Й
d3faf7244c861a89,М
32a7c1ed5b11af33,П
23ed6fb3c09fd9e8,Б
7a8e8c91cad7ccbf,Н
45220b1a6bc211bd,Ъ
d9f721926ca8a032,Х
d0fadb24a950c0e4,Е
2978760cd931eb12,О
0aa02732039af53f,С
ec5358dea22ff122,М
9508420e9e084f55,I
a302a5e527125579,С
8b6e0be47dd7e371,Я
c317dad99e41e013,И
90895976c2c4e391,Н
afce40131ebe5424,Э
e23031d1347afb33,Щ
a7460cae608df661,Т
1edac71ba74f2719,Ч
1030dc6d85b0a7d3,Р
5324ae1b2a0ac4b7,Л
ae06110d365eaadc,Е
6edaa68daaff78c5,Я
5d7e699323f6a86a,Г
f3c4144dbd34fb9e,Ж
de9e0231996fa88b,Р
12b9769e6b960365,Я
1b8c362ae55bddd0,Г
c19981639fe5b1ed,У
17811e87005c0af9,К
20b16a765d55c50a,О
6c30bd4a36c72bfb,Б
a5197c7342118bd3,М
e7788427ee61aaad,Ь
6b4662607597924e,Й
fc0f81f1842415ef,К
13a4b0bd2affd103,В
5350f5ee6a9efee9,У
23feccf7e4a14373,Ы
bbfd8cfe246bffce,Х
a128e50b45596003,Й
0175a443d1575215,М
33f6aa6a412253cc,Й
466e0bebde6efd9c,О
1e2dc0404c273448,Э
15658eee73aeb188,Ч
76b273156a664047,Ю
5fe6456c0a3bfab3,А
cc31ec93e97dd72e,Ъ
2faaa6da0491e48e,Л
f7f7143c6f71387d,Н
d1e94ffb859cdba2,Ч
768456b1c98f2654,С
123b62691c6800bb,М
d6798f4aa2a8d2b8,У
b2d6d2fb58854b2a,У
8cce213d34ffbb50,Ш
6901f31695e9bf32,Э
f8a5c5a8de9fd001,Ц
9cb92bc898528581,А
13a87e60ccb50dc4,М
0a65652e9bb332e8,Н
8586c2e08e093154,З
e8c811dfb8d4ec92,К
d995433ace80bab9,И
b5b50d34a72d3a40,О
ceb40997187edaf9,Т
8177ad8642f1c3c1,О
937dab574e1eecaa,Г
f1142584bd946f31,Т
0783b487b863f200,Т
805444927bc72f4a,П
d7f0cb7869628cc5,У
2b57e7679332ad22,Ч
87d30fc593b3a2fc,Д
d943f64bd6c1c5cd,П
032ba3eb01011b2b,В
4941df5066e87b5f,Ю
bc54d1a33b7620ad,К
a6b8f58260779beb,П
f790bfdbb361b68c,Р
296945584540f939,Е
549215d747ecb880,Й
dd471a92ce03ef4e,А
beec15b15a0f48dd,Х
48b42ed251a7d0c7,С
70b7617faa335ba5,Ь
d0dca6180d97ae5e,Е
8090c500af9f371a,Ч
7bf8ca6a54417ce2,Щ
a5312ff02425707b,Г
779d1b825af25aba,А
ef6685f259134065,Ы
abc2db05d5ee8ea5,Д
a4e5fad5bfe093ad,И
4a933d14dced7410,Б
c58d12c50cb6b284,Н
e0a8d27a0f4fab25,Ы
657f5acbf245577e,Б
ae54bd59b84dbe06,И
40f7a225bc6acea1,П
6f38d7c42d81c1ac,Щ
67a7b7f6d144cc74,Х
c1e33842df89d0e4,О
0a3eb731129af142,М
4b2815e7404147a5,Ъ
89fcd20682d954f5,Н
072c26b6791a002e,К
856350d00b15efa0,Ё
42e69ee7a8596928,Ы
a68110627de21dc2,Я
0fa9326e75f5639c,Р
982d63fad873af98,Щ
0e2275f6b3c7846d,У
a2d4e0fa922b6592,А
48d73bb76074a485,Щ
0ce46219c8a2fb58,Е
7c94fe61a47d2c74,В
81cbf062a2e8badb,Б
4dfc9b42a7b4f737,П
a27606c20f411853,Й
0f559d0364024098,Л
549b38eef03d087c,Е
d6b78cd3ba431bfb,В
ebf99a3ec082dc7c,Э
c1e3924e5f6898e5,Е
9bf3e003691d2e96,Ч
d41475bdfe179938,Д
df4d5f239e721cdf,Г
96d6583e05e3deff,Х
8e7c240467fd53d3,Ъ
18e236149301e0e8,Д
a000c7c97aaa1a33,А
a8993ba6a6782462,Й
84fb3edf17a76f6e,Е
05c2f63a1fb15fa4,М
5a0690fe8e76cd22,М
4232d012ac838468,Й
bc1a757396ebc33b,Т
f3057228769e03ec,Ё
1a8ca116dcd5d68a,Н
35e47801bb988266,Б
34d11f4b7ee82188,С
6f221ba2c3cc5dc1,У
0c62113fb3c47fb0,Н
6f04d6f835b927a2,Я
31755e42cbaed8a3,Ц
d413b7fed2eb1faf,К
4d3df151b1480286,Э
73069a610ac0458a,Ы
3b52a74c2d37d980,Ъ
b3346792d2b25603,Н
934e8638a86fae10,Э
dfafd44b01556e0c,М
48f808a16382221b,Ь
dace1ed1a33e096a,Т
5f1e50ffc0d6f068,Й
8cc0d9c97c8065d0,Ё
8996226bdfc0ad2f,Р
1dc9f5c88ec4b6f7,Ё
0b2cc548594bf4a2,Ф
3c8cc408043c7d95,Б
41764dcf404750c3,Ё
5217fed326f00e4e,Ю
4f98eb107c790d53,Б
fc498304b6fe4358,Ъ
d9973179e3c92236,Ч
8b831f6c304213a1,Р
20674c17eba2c48d,Х
96656149ea288167,Й
de35d48f00fa39a5,Ш
a7aacf9638ea340e,Ф
29a21365f6d1788f,О
13c144c522cee401,Щ
387253ec43dabb5f,П
15b183c0d2548a3c,Ы
dc669c238479b3ed,Ч
6779ed886aa479ad,Е
0b73944698a4df3e,Е
bf8e83fcf723d556,З
0beda6c663103cd0,Л
b9b2ef60a44cfbe3,Е
26596db89790eae4,Ц
6b9deb89356efa41,Ш
38d827fe29546c20,Ж
b5fb74bca13ccd07,Т
f06bedb6846e72d7,Щ
cbbbc023e0ba546d,Я
b2ca9208439e9831,Ю
dd747f028f946fbd,Т
79cee75cd6ee7a51,Г
9009acf469b47350,Ы
cf871afc32a11b2e,Г
3508498eef563bb4,Щ
255928dbcbd1bbb1,Э
928ebc8d3db0a293,Я
8721c6f2d722c9a3,Ш
0a8b9d23d2176411,Э
6ad9d182ebd76b0e,М
055cdb8449b60820,З
c91eb1ff26bd5173,Л
068072cc22b1526c,Н
58060e2fc2eeb43d,С
6ec0c51171c58c09,Ж
7243283ef27eb7cd,Х
71cd2aa70fa44e46,Ь
1b650b8efa20b66d,Г
f0986b4f5a9db956,У
4de4bfaf90490e7a,Х
3bc07eaa4a040cc8,Щ
2e93d2a09adcce5c,А
054926e570623fb3,П
cd61444aa8683469,Ц
067040853dcefafe,Ы
018b4da6eb22fdcc,Й
b31c01ee83bdb868,I
700d7bb75072d5cb,Ч
8048a227b0a49f5c,У
9b338fcde7a82347,Б
a661ec42d8eb819a,М
a57a3a5ad9782f94,А
00ff033c27cca85a,И
d054e4b9be2ba3d3,Ю
7000e4292fb73c93,Ж
cede45491847c790,Э
d0ac3a997f1198fe,Р
e1bd38e623450735,Ю
b526ec5a85af6ef5,I
6f10e427815a361c,Ц
5d6588cfa7d570b1,П
c1125672a221eb95,Б
e5ba3a1d84c40411,Д
852f4b2cf93b57ea,Ш
510eeed00fbc5cad,Б
e8d69c658e7373a2,Й
8a0486449f4263b0,Й
2266b7ac5b14b5e0,Д
81a8c8a19b717764,Б
7a39f4f2cf143775,Я
e6f017bef906a92b,Г
e77ca2a5ce963f93,Ф
d4f317b53af7ffae,Ё
f750307a84848e9f,О
3ad64aaba5f02034,К
d87801741ee8b8d5,А
cf9dc3b3c655e22a,Г
15579383d855f59d,Н
22564f6f258b5710,Г
ca1d33d40723e94a,Ц
426accb47f24f943,Х
219fd3e7d14f1cd1,Е
d6a028ffa6a598a9,К
f9f3423fcf1ee849,Э
43838a9fe5c6e07c,Ё
a9cb804eb9795373,П
dd42341771de9d46,Ь
cb763bd845d41ec5,Ё
ed411babf402728f,Е
87e630c6ffe94c15,Ё
5ddc08cc4d818578,Ж
88cca8d3b152090d,Ь
7712edb2d95e271d,П
7f9dea11f240156e,Ж
cbf31509497b2451,Х
a29a9e2f080a410a,Д
9e2d64be8778df24,Ш
3a2b889527c1a441,К
fcbe007e115a4d52,Р
3b10dd576f9a8a8a,А
83b0f330ee1c48b0,О
297d5e7d15cd4720,В
1511525df4c228bd,Я
ff2d7f4c1a546f43,Х
3986dcc5b349e36a,Г
dd0b4f351fa40620,Л
1e533a3acb017664,Ь
04ae848b95d96660,Ь
8907644db070a04b,Ш
fa260e0606aeab85,И
c805127122763b92,Ы
8c55fb1291f9d20d,Я
9f1e49a12d9a4b14,Я
d5fd687cee64125c,Е
ed837a82ba21c34a,М
338813b756d64b33,В
6caec32b05faffc5,А
d364063edea15cbc,Ё
ad8b75fad83882d9,Г
2f249d9a39371887,В
6568de2a66900b63,Н
e4a5b6c749d56c74,У
f9919805c25b955f,Б
11868bc183507a71,В
a5bf4b6cea837398,Ф
3b8f747e7142b997,Э
403c2b8370670b08,Е
2066f26b6976434d,I
4c40ff6a8de0bddd,Ц
bd820d5ee2fbf0e9,Х
60376de44c541105,Б
91ca14feb349e350,Ч
ddfe6cd02c619dab,Б
a719b8b194403d9f,Б
0ed5adc392cd761d,Э
98c076a58da8b072,Н
bb62eaf501e0ca01,Ь
5e246d5ad28e69c8,К
2146610c0577cc44,Щ
ebd5ccd2b2e53786,Ы
fc55be80fd65277b,Ю
5313980a95b9637a,Х
da3298eb9671a3c7,Ц
0ae1584faacd203d,С
5816b65172961df6,Э
c84f5798a21c8414,Г
7f481625810322be,Р
aa3b01920342231d,И
fde86ed7e169e30d,Ь
0c27fe4f5c406792,Е
500a8b0f44a631ce,Ф
38ade5c502351439,Ц
259eea8fc043b7af,Ъ
83a8c3cc33548280,Т
8e27ef0b8befc6d3,О
1b7101713404d3cf,Т
a7b964fb153a5b76,Р
8c89f53845eaedea,А
45dc4e3ed08fc468,Р
7f5271ed4522c22e,Ж
321d00ecd020d084,Х
009b228537cf1d33,О
f7fd0f09d5b6080d,И
26822b7d333077a6,Ч
612d834ad9f91a98,Ч
06c0970f28007bc2,У
399bcdda7eca8d9f,Й
b32ae2ba2d0b0820,Ч
c9c4ade29ff016ee,Ъ
c3631c4a21cea349,Ю
71815ceea632c02a,И
d527ae5efc686dc9,Ъ
078f348f1e529c57,Ю
25a7fcd15a8636c2,Е
1896c54ca49cb983,Р
924a360b9308d7da,Ё
dd84c98cbe095b0a,М
ec3d655db09047d5,Т
ef737c992c039947,Ю
ef1101658d8dd285,Г
53aaf90a1a740bdc,Щ
9269812b7c2c2ece,Щ
7e66e5e6eb3b038d,Щ
9f4587fa4a181faf,И
be2b402c715fae66,Н
57afdd16a9ce71c9,Щ
a5d3667822072bba,З
dc928ebf2411f36d,Ф
e24ef840412f6ac7,Ч
7f2bbbd9e99ca8cb,Ь
906f76a52f32b3c2,Т
40bad342e180a77a,П
98aef487b893cab3,Ш
bac2c2998ae82439,Р
fa03c8e20b05ba93,Е
ba47b2064788fa90,Й
d609188c08b9bd93,К
5c59969fdf2b3b1e,Ф
0752c11080cae9fc,Ш
088aaf06211fe708,Л
a0980c2cf1d64d2d,И
8c51437682dd39bc,Я
2ef6ba43ea3266cd,Щ
aa8a19d7cc098761,В
24920723fa19a782,Ъ
a31324b65ce476ee,Н
d33e4e73ba4d669f,К
4edb865174ac38c2,Ж
c48fceb737250c55,К
639aa12ccc149957,Ж
093934744c64bb03,Б
911714b3b0599825,Ы
7a8a85050dce2cdb,М
64b0b79f7db641f8,А
36a743c8901df147,П
14597155c8e3af7d,Ц
48b43de921618db6,Д
c875bbf3a7421708,Ф
83d5f52be2e8bab6,Х
b198415e254e9ce2,I
e11e92e016021487,С
397b6eff800d2287,Й
64d20096990f5910,У
f02f4555449f1d9b,Т
212a455d292776bf,Х
d20bfe517db3c2d0,С
985c28f8e1b58b3a,Ё
ec16033e63b02cb1,П
79f00b77f3c4bfad,Ж
5bc60049e1da134f,Л
1c54b315ee8ba2e3,У
ca1ad9584311c9cd,В
36f3c610f3e4f818,Т
8114d7d44d029735,Х
0b45ded7ea607c15,А
8108cde4df4fe1e5,Э
e5f709d046255236,Ъ
4b889f43ac820ee4,Э
1b70fc71e9627a20,К
36f7d5e70449a436,Ъ
41febd0f4ca0e733,Т
355cf9dddc899a53,Е
c53f33b80eb8e6a0,I
29859bfbe47eac2f,Н
d5a995777752d999,Х
a846b4a7df1f8815,Ж
47fcf71501d3f233,У
0946f3943b7049d8,Е
084897e120e77904,Ь
1cae94e27d2adcfb,П
2dd75b7e444674d9,Ё
d697503a4b6e1bf2,Б
3fc5ffa0e95ec87b,Ц
5c91a56aee755167,Н
fafd738f6f5d0ff8,З
4249f81684a22b20,Ч
a624894894173407,Т
1eb14e55b76f2818,Н
19044fdff8339490,Е
111ae85bb34f3971,Й
58849b2849ea949e,Ь
bff8d4f6e3c2dabe,Е
834f9fc804dab7da,Ъ
f8ef075e5749c484,Т
c12c262b09a7691f,Ю
4f8fdd7665c30d1e,И
e46bc3a4d1b3702a,Ж
9fb55e3e1c4be63f,К
4e7d43566db7384b,В
2978ab8ce427c02a,Н
bb371365f0d964bb,Ь
83979766c0e86e3c,Ё
ac5a7f2645dab645,У
f992a54908be7fe7,Ы
0edf4204d45c598d,Э
6791c13447e3e8fc,Ч
0481dec69cb6088e,Л
40ff7fafd95d5da2,О
dd8e9b5cdfe8f940,Т
747b585eeb1fedb0,А
d5769ef416573175,С
00a586cf2358b9cd,Р
060c70ca2c507866,И
b310d122763688a6,И
272512dbbd3f450f,Ю
d23183f73f9d8cef,Ф
256440d8f2c6a71b,Я
c82e500b344ff925,Ш
a05d6e863609cabe,П
c946c00663f5ed64,Ж
b7c8eb5c52144667,Р
a40653b55be1bc19,С
767bd18f5634e9b0,Х
e7345be1ebef05cf,Щ
319a6b7fab41f75f,Р
3ea4e972f0405431,М
4de7a350f43b3ecd,М
317f1fd1eba8ad74,Н
283255d416c9abc8,Я
5f355dae1b49ef34,Н
e0f43452b891cc6d,М
894a99a5566aa3f6,Т
912c22acfa050b16,И
ff5a664c425526a8,М
8383be2fee5610f6,Г
74f3cac2fdf8f28b,Щ
c8bb0941404313dd,Ц
67440b5562c90658,Н
a979b3dcc20ae672,Т
cc3b1518aa6b8ab8,Ъ
4facbdff6ca11df3,Щ
ab8b31331dc8102f,Ы
49b92e87e6e45ea9,Ф
1a035263f9d7c974,Ш
500530d0df8154f8,Ц
0c86d35d20394bca,Й
611309ea1f254d73,П
b3813d8af3884912,Д
a77ed9e1ae50c610,Ю
154cfe8525adb688,М
6aa7fcd305e660cb,Ё
1b621118ab7b7d04,Д
552b06e23752eebc,Ь
a8e8dbc71ba0816a,С
2e5acdef58176e97,Л
04dee7aa483d1c07,П
2339a27ed193f960,К
2fbe928eec3b39cf,К
89189df98a066105,Ё
e2b221f1f3997ad5,Е
169e7f483255c0bf,Я
198f1ca1e6959e5b,М
6ffeee3ae467eb21,Ю
18af0bea0f3fd71f,Я
48e1714cd2724d27,С
e6cdfe8e9eb2b012,Э
e5de046783b39ae5,Е
393fb32ff92f6fdf,В
7df6222f22f98580,Ы
109c0b1e7bad25ca,О
0042387ec272da98,Ы
7bd6b0d2219a9d07,Ё
76adc661439de263,Х
d87bd516d001681d,I
4cd5f16c0a68ef03,С
ac6608c4912b97d0,В
0d8b636b2e467705,Ц
1d15aa0aab7daea9,Ы
9e85b0ff213f2480,Ц
0d70ec9a922e6c87,Е
febf8d25bafe4248,И
f069b37c26dd2c59,И
2702a94c6bdcdb75,Б
f3716ed46020a1a1,Ю
09bff54482feb340,Ц
5f064485c0e5f113,П
bdae76fbeff0df77,С
54aff9a4131801fb,Ш
3005e71ae3a08f6d,Ъ
33e69725e0cb9cbb,Ж
f391d99b65a5abe4,У
4b7b07e6868e6349,Ь
29ccd3f014111855,О
4be68028b7059762,П
79cf653e9e54ce7d,И
887dc9a142eaeaae,Щ
6d17a4198dae36ba,Ф
feec7beb9ca29267,Д
f8e38501d0f9331f,Р
21fac640f0e743fd,Ю
c08eb3b6c2ba7b9e,Ф
94b74616f8616ae6,У
8986a106d7768844,Е
e6fc2989c9b6af2c,Ё
2a8b8b7b3c3da3ad,Х
a3cf341aa6d4700b,И
585d9045927222c4,Л
7077b38ebb262923,В
124e8bf72252f315,М
e851e713c687d82b,З
5303158a81b0a4c2,Щ
a19fdd75a994296a,Б
8ae5341ae295bf72,Л
dadf8275d59fc441,Ъ
6ec2e35579d9ef3a,Щ
d5a4bc48e99a2e04,П
5bf32988c09fe096,Э
9d46c61bb93bc176,У
8cea24f4e39a9924,Р
d8bb4e02cda8dcd7,Щ
3a9ca46e54a891a4,С
b1295ca846d2de51,А
03eb38d0d5e5acee,Щ
b9e6078b2fae506d,Х
f73f74041249d9fe,У
a631fea039c860fb,Ж
0346587a93bcf393,О
3460f8aa29d3bb53,У
26530015c6dd59e4,Л
6d759729633829ea,Ю
6e7b0c886de7fde6,У
26ba405761925e2f,Э
5d216e8c746068d9,Э
9641826d4e7e999f,Й
17d9b27f9636596f,Ш
ce3d1f220f58b30d,Ъ
e3aa1e9caab20b99,Р
d89bc7acf2cb0fbb,С
98b7d077a325341a,Ы
fce362a1ea6a42b4,Ж
2233ead22a54f278,Л
697a1cc5b52e770c,Ш
c4ba7b74d1cae159,П
9673369f535a0adc,Л
84f3d5805a234234,У
c2de9803ca583e5a,У
35021c4f95d6dee0,Ц
d350ae38890277fb,Ю
a3de6d582ff941fa,Ч
bac90fa722da1beb,I
b06c023f5c2ed887,Д
a5b5421c1873cc61,У
c11185d436bf9065,Ё
e8ad2f5c0b5ef327,З
40e4c477c66f3150,Г
60f47a7f6c25841d,И
bdcbe0d8f4ca1abf,Д
7ddf3988e527d5fe,К
c42dc9a0c846257e,Р
bca0b141008a2ef0,Ь
f0e74191cb4d3fcf,Х
22d9cda479093862,М
dcd384320c58537c,А
329aea5a86540365,И
d224be267232e62a,Ф
0a33c78d44ef6fc5,Х
1aba269673761c1e,Я
bfde6a1380f22f3c,Ю
af40e9bdde0b963f,Е
65daf0bdc011e08b,Ы
79811d0f48b0ad18,Щ
c85dd979f4567971,Ю
77dabc9ccad69f30,Ъ
a767addac478acbe,Ъ
fea829465fd9b161,У
08721f4b03f52835,Х
14429a6be9982684,С
e2a240a6e7aad61c,Д
bffc9aacc980645f,С
72ee73ca908a803f,У
3a1f3401d1635a48,С
555c446280b92de1,П
6ea0196bc45c8661,Н
8c003b1f3984cb32,Ю
3b3690ae13f28856,Х
3eefd30f5ea78bc3,Н
2078d99b147ccae7,Ч
77366399dad955b0,З
e5281075ccee432c,I
3027cf36705de3ce,Б
395637f0ddf9318c,Ы
fd279e37c9bf31fd,П
2b8eb036a47bface,Ж
765e3d1bbbbacf04,Ы
dc684983a77371a0,Щ
4f88dcf38b10649f,Г
f60576c64562338c,Ц
cbbd60b6d7a2381d,Д
472fdb34f659bedd,Ъ
3295c8badc09126c,Р
e8edf562ab52d6ac,У
176851b701e54488,Х
3af9e3bfac34dd53,Р
a200997d0f2edc9a,К
675c5641808509c3,Д
1bb820a5627daf1c,Б
0b777f81d6f1632b,С
3a14ec7788bf5371,Й
d8cb4c9d88db76f8,Б
efea049dfcf3f498,У
bd0ff182af234cb0,Ё
ed66c696eab1b072,Й
c2d8559df0a45549,У
e3a6161d7dfaebb5,Ш
94c22246aaed057f,Ф
fae1486c2a1f1ad0,Я
da7363a9ff4e0ffd,Ъ
84fb6797e2564e0b,Ф
72b17a89f7f04ff6,А
726c372844f850d6,О
db57dd5570e2f6e4,Я
fad1a83be8305952,Р
6ccb3999f2dde34b,О
6a1c9a84a853218f,Б
a781f9b177b0e13f,В
761f4b305808d371,А
dcd42856ca56284e,В
a6e9ade878c74412,Р
2f2d0d3a785f31a0,Д
66950691ecd8deea,Т
9288192f0a30f1b0,М
7c03fd25981af9e5,Л
c2cc3b065cce0482,П
8d5513775825629e,Н
539d1dcc66bdd986,Ы
75c61001703242fa,I
b3e2dd5db2a17831,Ц
b1bd2e8f0b10825e,Й
ec3a36c0c81bf94c,М
75f3a6af6009a62e,Ч
679e25e260f930b1,К
a1c6a6124ae35c60,Н
1734dc262d134ead,У
d4cc7c4b5b31ac23,Б
43ffd8cdf1b33cd9,Х
3123454f7d7beabc,Щ
aff76f35ed08bd18,Ж
cab3a11936e343ba,Б
c9fe61719273c7f6,Ц
58d5d922c6e7b53d,Ц
6ea2ce76db8e24c6,Н
035998ce4bced0e2,М
4fd2ed36f093ebe8,Р
2faa6f16c8bea606,У
93d1872e6f78a8e9,Г
3e09cba0f7da07d5,Э
27876c1e8b748630,Ч
07e716efddfb83e4,Ц
f387ab857d51ab10,Ф
be3f920909b4b2fe,И
a68bf1d0b772237f,I
d397a50a527cd79b,К
d2031364484882b8,З
398fc2e19f9eca6f,Ё
3f39dbaf29a6c665,Й
49f769b542052e84,И
a985abed2059d910,Ф
a5eab85afe2d8e36,Ш
838b104101bd9557,Ч
b855cff32f3c4874,Ч
ddc4d81ad977814a,Ц
18cfcf8d8f25bf68,Ъ
83b8c9d1da5de601,И
f52d7dc8e8999d51,З
ac0393472771e029,Ш
f6428beaab008e48,Э
52d80c5396c61539,С
950987e235738432,Х
9f5d26d5eb141c8a,И
b02aab5e7daa7899,Ф
19e45cd181c0bb27,Л
3135d20bc1da4271,Э
07b77a93868ef891,Д
f24e6d9a19714b4c,Ж
814ee641f4cb3be8,А
3cbf5848e4847bc7,Ъ
946cc1f603dde378,Д
b1e13f7cce5c3aff,Й
4299d666fa66db11,Ъ
22dee00b4ad91cf2,З
d4f600444ff76417,Ч
3dd666a0d92ea6ca,Ъ
e2b1f1373a5ac25f,Ь
bdd632eb40837534,Ё
9ba212e2e4eb946a,П
3796ff8268b0dde6,Ц
cede5ed620d84702,К
b4facd21eea1f680,Ф
43717800bd947973,Ж
9c9f32c2fa939813,Р
12dbf339799d84c0,Б
13fd3aa3aa93591d,Ц
5dba906d2b60d167,М
9e9a1f400fc0c788,Ш
5174d3416a07c01a,Ш
70bc4f989418b7f0,Ж
91ac40aa49db3e98,Х
96dc8f3aa32bf2b2,З
067870862180f0b6,П
533351ba4d162be7,Ы
10ce5854d779b37c,I
439dac0be691a3f3,К
e79284a1e6c3bddf,М
ac35c39684a87b30,Ш
4ea153088675f7d2,О
8a5a42a1d437e20c,Г
90932175ce2160fb,Б
10c17c82cab473ab,Ж
87ade489431e1402,I
60c87331d209102a,С
050a76ff4090b0ed,О
3e92530bacb1ea27,Ч
6c823585cef04ce4,Г
c7b763bad5d33c6e,Б
dede9d0f877bd4de,М
16dfd76a7b525059,К
bcad69358f52a6ef,О
4c94db9f8afc64e5,Я
b9c2af1f03420375,Ъ
56cb0a3efa55ba72,Ч
6cdc9a28d3debf35,Щ
61a29344c2fddd25,Х
6a8b631d970e16e1,С
ed62376e639e01e0,Е
f87a012bc2282eea,Я
b8d53b60383e3c39,Б
e273e889ca370cac,Л
757df39b5dea25e0,М
b156e1a3c80e815e,Т
405a03af9b89bf1c,Г
104b7577cc8fe894,Ё
c774ba38fda0812d,Ы
76236b5f45f100d3,А
c6b0ff8fe778f0b4,Ь
503d722f2c1d1c77,Ж
7ffe5e51ffb7be99,Щ
45ca5a3f1c4deef8,Й
121af454c3370d66,И
1d2a37c984979fa8,К
f4a34ea3ae8fb427,З
47691b6ec9e53503,У
5811d8f0d20b85ac,С
e16e21593f49d0db,Т
68d5555a6979a995,Щ
3c8a450e552d124d,Д
b61e2294d22fcaa8,З
701d35cd688990e2,С
fff13b59776aa768,К
2e14789e7b7819fd,А
73ee0e1f1029ee0d,Х
5cea7ee12337f821,Ы
fdd79cdfbe3b5362,Ф
bb4c7c808d4eb110,Ц
40de508fb966b913,Ё
a8c92405438e7665,Й
c273f6ce7edc0646,А
0ac0d3453ab72074,А
ea6b487a7dd182ba,У
6a5053fcbda3b4c9,Ь
cb4686e9cc72f5f8,Ю
bfc628f46f070ede,Я
2959cc3977331f29,У
cacd4cfe9ff2b438,Х
39a65ec34f1d4f57,Ч
08200e5e0e50b694,Д
1ae3baf339b1b3bb,Ы
95b75cfffcf6e70c,З
99ba947e45f9d002,Н
4c81ec929e319a0c,Ч
a9c7569362717591,Я
35f768bf657732bf,Ю
8464e610ca4c9dd7,Т
5ccf965fcbb6beb2,Ь
82331fb9290cac5f,Ъ
37a6d845df3392f3,Я
350149bec7a294f7,I
5f5e597a929992de,I
6a8fd14b4a4a55d1,Г
425a1a41fe676502,Д
98a9e3194769c528,Я
da0de652219d67a5,Ж
50e2c7e58394ede3,С
9a01972658abaed5,Л
335ac70a99d9fd26,Ы
c9423ce84669f454,Х
696603bb8197c06e,Т
5505d58625a868c9,Ю
cfa310c6e8811286,Ь
2d465fa608fa689b,У
9a1fc55f1c8d3455,Е
53eb0d44ebf6ccc1,З
7c0912ecda43c4ea,Д
9344276a6925dfa7,Ф
b30ffcf0a5b0f0df,Р
55eba91c59265faa,Ы
25fdafdc08f9a73f,Р
9c7153cbfde6f0aa,Л
fa389bb5ebb36953,Ч
dea2264fb65f88d5,В
118f889178b1d8ff,О
0333ba241fd91588,Й
3f506c8e4f197ebe,А
c5a534a959fcaa42,Я
e846694b3e900bee,Ц
e7d579bd6628e457,Ф
e3c64087c2e0198c,С
c3d697f6cd1a7263,Е
892525b9627da70a,Ш
5b22318df3b7adaa,С
c08469a250b48bfa,О
1fe83628e7638fcf,Д
a463e804c2fe0bfa,П
7880eb7afe075858,Э
05e44bda756174e0,З
b3957123bbe9eca1,Г
15327214653fff9e,Г
f73c749a0d6fd1ce,Е
a2b80d37e5738831,Л
245d3206c10bc8fb,Ф
a923634f260e7685,Л
70ddfb535472a85b,Я
0c3066665f7c97c7,Ъ
962bad8aa1777e15,Ё
b2a2eabb833dc3e7,У
995c785c1d961bb8,Н
fc563f7e03a8fe29,Ж
a896bb0fe7d9ba2e,П
50f1bc0eb9505b87,Ш
5674d968fd0298b3,Ь
e163a180186b48e5,В
1c53e0c5fdca2d8f,Д
e7e2aad6ca100040,К
4abdde7b7e268339,Э
1161b86cfec2278c,П
e3e93c0cd66940ec,С
2db3f3f8e3f4624b,З
71238b040333dd43,Ц
8cf966f19ae85bd9,У
9a9f135191cedf0b,Л
be383807046f240f,С
7d69de8459b656d4,Я
93d16526a53ddfaa,Р
931465d4a602053c,Ф
6307b71084991930,Ж
088fad9b68dcb3bf,Л
6f4b480ee22c7c26,Б
ed1a80857b570088,Ф
e4d26e55e7334fd3,Ш
45ac1d190452fb9d,М
1e7e4c5510e350a8,Ы
16a51237e9b140ff,Щ
a5adcdb226d097fc,Ч
e22e5a5de06b0b2a,Б
2c48deac487d8f99,Й
b1d3d235ad32d07b,К
6b57a89fec9b1228,Л
086094ca973e6c24,У
a48e85cbba31294b,Т
07ab60c440c2d4c4,А
dd1b6ddf06d7a1da,Э
fd0900426c9dda5e,Н
a426422a51c60915,З
6da306c0ad1184c3,Й
04a3094929abd713,В
426b8d049f26a2ef,Й
e6b881726b8bdf39,Э
3005ede25600ce63,П
fbca914baea12399,Э
f4a1097c48a2aab8,Л
7f298d50e41070e2,Й
e1015e99b98795f6,Ш
0bbd07dff95d0d84,Й
b9fbcd496a102305,Я
f6334f8a0db0a161,И
17116887dfb883c6,Ь
1d93676e0b49302f,З
eeb48fe1c026439e,З
fdd7e8585f1c27c5,С
d97e10e028c724c2,Э
d45c67dcfad2863d,Е
e1d9ed3f2cd7032b,Й
a4cda0c4a3250eb9,Ж
532eaee6d27253a4,П
7a70395c7275d132,С
9020a757ebea1cb6,Ч
d251aa4c4aa2c028,М
57dcb28be26233b4,Д
53c0467ec2af9953,Й
68aa522565e81ace,Ъ
5c5b39c0fc089c36,Р
10b8c3f87c1a7918,Л
c4e45a100cbda880,Ё
f93ef92bd757b489,В
5c82685950b1f6af,Т
73b8e4c2e2f87a66,Ж
958a3c44a7f33fe9,Ь
b7b4426c7f575074,Е
68ad5c3e08a77f31,Н
f10ba5ab11021414,Ь
a3f1a4a8524f7676,В
5e1d4cd65eda0354,Л
6dbfeae466a8d4a3,Ж
28a0b83d5feba92f,Л
7cda7f21d358baae,Ж
593f674294b1c2b4,О
af3e108e6f6e93b6,П
8fcda1ab9fee9668,Х
ae84cf89e9a738bd,Ф
a98f06d207714b41,Ц
6ccb2f7a449ab50e,Л
df464f389b40423d,Ю
855551c0561a9055,Д
a2485e3c2e54ab2e,Ж
dd39c12cb6566497,Ж
3f1e9da44ae0e168,Ь
4970d8efc885055d,Ъ
9c964627bc800edc,Ъ
e2265f9c050f3398,О
d320e55808b914c0,Ч
c114efe46cfac297,С
85535d09ab3b4363,Г
bdbd5d8825b87920,Ъ
d2b5d93e08699c32,Т
43191f70c4aee7cd,Щ
36d03bb660db98fe,Д
5c97ad03f1285db1,Х
07fe6df31c20d0d4,У
357d42a8b8cb9f9b,М
8f896aefb67d77c0,И
763dacb90961ea69,Д
b35d1fc6245a5a9c,Ш
4b9c51b7130c5ba8,Ж
5529815504199e8f,Е
bfe39cae25abb9fb,Д
808c5c5287db2f58,Т
99f3510bf607a888,Ж
edf5840db21292c6,Т
16dfba7ed26922a6,П
074f63e2da3da3e6,С
7d6b13251b28815b,А
bc3d0f32c067e055,Э
e153abb518f5634a,У
c5b4c8cecbfbe03a,Я
88fbff753254dd25,С
713eb3a8be428a29,К
a5d52d3f26adad94,Э
3c6aa325a7e73e6d,Ч
c7b1ab8ebdc44b99,Ш
feb280d83996f117,З
37b663ec1be08d1e,В
a25dcd3cdeeeebff,Ф
02d669b43c7e06fb,Э
d390674c555548d9,К
17ffaae71688f8f3,В
f10eb12869a53f92,М
8a3fac48e845f395,Ш
21f1c24f76e7ab8a,I
4050a715728f5fd7,В
8d188b4cc60a075a,Л
0a126149b66f5af1,М
c3232f82b7a9c461,Я
98d29c0c6c1e6f85,А
9c530874f8962cca,В
528c299fd8360e1e,К
cb722f604e40d347,О
45a98ae53dbc79ca,Ч
bd3c251e53f83c55,Т
6f51df15eb2ed25f,П
a863e0b80c6143e3,Щ
e0bd6a94ec9809ef,М
9931eee6b8dbd718,Л
f8d4b1c9f3b5ce52,С
2add7a30bf68e5c6,У
f4cbba73460b2295,Ь
1878daf24d91a5ba,Ч
3b8ae5089392c24a,Ё
ea9b82c1af673af1,З
729c7197a5e40313,О
dfeed49c515f0dfa,Е
9284189f9bbeee68,Й
09522a47c1974bab,В
bf17cb36b811055a,П
62d559a35c2f02b3,Р
57d3dbb77fff33f5,Ю
9f8329c6b5e96dab,В
8918312a6e405ee6,Ц
b837f726eed3df44,Н
565b156a7b291395,М
dd5c491c2f0fc299,Д
403cdcac67784538,К
6071bbfd7c163177,Ё
05345051930ab9c9,П
f73b69a021e391b5,Ё
bb39438b811567fb,Ц
56e0d46e9ceaee54,З
2825e7e20a836954,С
04421092913cc87a,Б
ab38b1633d7de22e,З
b87325f6fe0a34d3,Р
5247dcc25d369ba7,Ф
bada4c51c9f6b530,П
7d8646f20096bb32,Е
54760ef5342be3ca,Щ
cac40f2a723f1fdd,Ъ
69228d3c2224f7e5,Д
59309cd31a5842bf,Ш
2c48d3e0c84aa0a4,Р
9ab91b65a3ab6008,П
31a59089169b87b7,Г
91a17177750e7bde,О
df7baac2c83df204,И
326b3f4a2c44fac2,З
22ffa769063769b7,Х
2b35a3a302311f7a,Ю
6eae19c312671b57,С
117feb5ba4e605ea,П
b5149667e62f5813,З
d41d6cbcae595564,Э
2b48264baeb8cc09,Д
21cb025eec734b49,П
b03df1ab5fd8c43f,Е
853df8a318a6a492,Ш
0e39ebd15489ffa4,З
cd425469bd5b2655,З
c85e36dfe2b52bb2,Т
ab71f53d615f74c7,Ю
b80f774666cc71c3,Ж
bd7ddcaf37cd7de5,Д
a46a57c277454c2e,И
816111bb4273ef22,Ь
dd6b19d4c04d1eda,Р
1a02925926f7c01f,Х
d1bf9fffdc976a37,Р
c6594d0c48b8dfb5,Ч
ff28284fc2dcfe61,Э
36c0919b78eaaed8,З
ed1a1ee668446a27,Ю
6a4df6070c7ac889,К
b8f7e724d299d30d,Н
754f55ef3f36d20b,Р
e9474a8b0968668e,Р
1e05afe0b640c3e3,И
f41e1045586d6f50,П
ad582fdce42606af,Ж
8fc272f863ea4cb4,Ъ
0ed1c4b5865d29b7,О
e7096dbd7c662486,Я
a96dbec0313fa9d0,З
2f6d9583f90f8256,Я
1fb960483e5e2ad1,Я
330c05dc5c857335,К
3bd22b4a0efd35fb,Н
0c6356ace12ff806,Ж
b546d711edc32d5c,К
f632f24345b7b4af,А
aae200dbb6a41dbd,Г
488da6d9c84dcd3b,Р
fefda76fe967f855,И
75a7eb580a12e6a7,М
f4150da020aabb5c,Л
d0e725afc53cb683,М
44dfc1f6790513e3,Г
09008205330cf585,Е
2c4ac789173aa183,Ф
ce90011e502209b3,Ь
80492116908d41e1,Э
dcd0cc584daf85c0,Ё
434fe2f64f33cb04,Й
703833e7b4fe72c6,Е
09cbf1a7947be627,Ц
82ad63b933043aaa,Т
10bcc718ae15f701,В
176dd923301e0a7a,И
e715645c1d63b33c,О
1e0a985089515808,Ч
3d7364b5ada0f4e4,Н
2cda591f5c186ef8,Й
61a664cbc4b0de11,Щ
c22f17b3cf1967d8,З
434e7066c4f0ca28,Ы
54ff659d9c2cd265,Ы
e7fb8f95f380115f,Н
23abf372f1418ffb,Я
7511379f6286054d,Ь
88888fbe5b330017,Ю
fb019b9100729927,Г
750e0271a404c02c,Й
9c95c832a56f8429,Х
9b7f4c96837b04ce,Р
e7bcfff81085c9d5,Э
72e7385579cae884,С
05d65ee5f1fc8f78,Г
1b59ea72875e3098,Ч
88f866d6c9131376,Ы
45f3d63c2485280a,Ь
6c2899999f52885b,З
7d6128f73a8a0132,П
e6b5bc3499aaab4b,З
ab5df3ee2f4ed284,I
33eb30adb7b5ce73,А
32747bef61a334a8,Ч
bea34467b2408e9e,Т
7d75bbb16f3aa006,К
4b0c4dfbe0355b1d,Д
9d7282ab0515f94b,Ё
b73ca671be175ef7,Я
e97c799d44b63283,Э
b06cc4405f95abd2,Б
52c1c694d1a8f08d,О
051c5db24a44867d,П
76609a6240159738,Ц
dfd15a54edf9a33d,О
001fd09638de1394,З
31614d0afc1ac202,Я
0b63f028c5de10b2,С
cd18013e39572bec,Л
3108100c527b3290,Я
18616279a1a883d4,В
c2b3a713db126be0,Д
c330e81a793829a7,I
ff63036f4117d810,С
9553a8fd2aefbf1f,Ё
5c3777260fe2c2c9,Е
f130e20b5f218fe5,Г
907a8ca1fbaa6966,Г
878e67aed548de1e,П
1cd555ac9927ef6f,Г
5ca67e87baf48b9e,Ч
a1951eb23d11604c,М
fbe9be7421a7577f,И
d1a2ec4a77631030,Ф
7f3f455a95af24b8,Ъ
ef42dbb114ee2bb1,Г
99f225c591e0a899,Х
ef667b630314be35,И
3b8739bab36cbab1,Г
6f6bcd3490e8621b,Д
733ee35f2f0823e3,И
e45bb33f75306150,К
c315817893a78c71,У
d686987d1116717b,Ц
bc023f89b4e1157a,М
ce3ef97e801050fc,Ъ
f9eb018cc54f75b7,Я
c8ea49806eb6ace7,Ю
7b0a023d6e66edee,Д
1b8ff8d8de88f7b1,В
d21412edb2265754,Ф
e7d2de436a50a8e1,Ш
fd042211fe83e401,Я
19c92714cfefe84a,Щ
76e77c8cce8b8321,Й
0c289fb5449e3496,К
a0cf081018a832fd,Й
21970a2b21818aed,Н
7f77bb9e67577aa3,Г
7c89f9508cffc3d2,Т
3769eb041f2c89b7,Ь
e4d4c66243f5ce32,О
878563b4b6a5e010,Ъ
d4fbf522cfc8ba3e,Ч
d49b5c33da835277,Ч
701c6d02189e26dd,Я
da9cd4e6d5bbe6ef,В
25edf51dcb70d21c,Ё
1fc3836741374e5b,Ш
95dd3beac383288e,О
0c4d2258dce5ee0d,Г
46c99233c0dbabb0,Щ
2b6e19355e4ba358,Р
cabb5349c02dbc8f,Х
97459c7abe998677,Д
45a5652bdc23e449,П
8581eccf417c4427,Г
cdcba9fa0dccd287,Т
4b99d7559e809951,А
d20f148807476035,К
2a7fbae76e2c2f49,Ё
cfbb422194843a05,Ц
ef182d14742aefd3,О
5de7dd7a480550ce,Ы
bbb0c2c8cd97db9c,Ф
8851669a036fc127,В
b19f5c30f01a3e8d,Ф
ff4464645739b054,Ф
3b038d193f89f468,И
41371e6d1d8337b8,И
b1e0cd8dd12d67fe,М
d9361b900ef5d1b2,Н
921cb59092453127,Э
429b4c68ec959620,Ф
6875831b545adaeb,У
18ce057ad63a4505,И
bfc98a53598756f9,Ю
2b0b7ea716d3b7ac,Э
5ae87ac9dae1c779,Е
12b5bca473c373a0,К
130f10e58f020124,У
5412276be37944bf,Х
2274111508d1ca3e,Ф
7460a21b9b5ad9f1,Д
686880db00e828b8,Б
77d01b90ad400c84,У
5b473753747e684a,Ь
c3fc4b5679b561b2,Я
cabb54170347d856,В
00420710b2c1723e,Й
5254fc8973ac984b,О
ddc2bd1b54b5587d,О
90d257cd60226855,О
76c8a77e4d740287,А
4385015668c568dd,Ь
dab65a459e949adc,Ь
7853eb3fd97c8bff,Я
6063b66c41a4ec18,Щ
9989fc6639ab141c,Ш
b04a5eab5cba52e9,Ъ
c54202f6f9b740d6,С
347c8ed9da72e1a0,А
e44369dbe2ec4210,Б
a781915bf8e1cb70,Ы
ea126be83bdb05d8,Ш
639d6e46f7cdc5eb,Ф
91cf8669788b17e8,Р
4227698963588dba,П
a26009bfd918a583,З
c037a45fa71793ff,Е
c789bfa59a493caf,Х
bf2d89f764ed507d,С
eadc61eb334fc300,Э
e6d61855d1bdb138,И
43cfbb626b639539,Ж
29785b0b1b871752,Н
086517113f6b9151,Е
0414d44fba566483,Р
0c20ef55ffc7b79d,А
214c0a49b156ba5b,П
b9b03bfae970b8c6,Й
5dbab79c8d038ec6,И
e0770b2cfda81c7f,Ы
5ccc4d7fea2de0c9,У
d59c4f3d195b3750,Н
ec98bf3cef4964e1,Г
aeadfe4647e29902,Ф
6e9d374ad1f87a1f,Ы
b9e0d598b0b99e62,О
351162b0cf1abc75,Ш
e851375e6871668f,А
689e86a7048f9f1b,А
4b4563c492323d6d,Н
f312dc705ea1849b,Т
e360da68c0fe2a5b,Д
12166fa7ee5e98f8,З
c30fbd6f772da437,Э
72ff5cc1d6d7ba79,З
70f504157c29fefb,Ж
220d810ac868c44b,Н
7e394116883b7bfe,Э
b0d602f39766a87b,Ь
95fbfafdc07039ec,Д
889cda48fcbed237,Ё
d92057bf64b8a431,Ш
36272d643c4f1f2b,Щ
5619e51b55c196a0,М
1831c5cb4d5c620d,Р
ff6f802873a54423,О
76fae8872ca5ca42,Е
96571f9ba21b66a2,У
41af62d08ae02b95,Н
e661323dc25ab11d,К
91b23aae1f51951e,I
4540c177988bab40,И
e5a3c38d87a69b26,Е
d4ba9132534bf5e6,Ж
06abc7cf9f85e5d6,Ц
a4284aa0d9dce006,Т
897a65161ed8173b,Г
0347d34ce846fd72,I
11d4740e7eed2864,Ф
4926cda53f3e609c,Е
8aa00927e39697b8,И
e6b7b81e7b86113f,Х
ae5939d43fbe62d1,Ъ
6428c1a05d239306,А
2365d927caf42d66,Е
99fd811135767a07,Л
9f549278724b0bbc,К
76472048047ed045,Ы
e027804df1d0ab05,З
b4ffc62c85d06ca1,А
4a5f31d55e12e034,Б
ec70f49b5ffbe5ff,Т
f3058825d6997f1f,Э
8ba2cde80b5ebe4d,Н
e0f85ee30e602a32,К
ad7bb8e9c71e13ea,А
14beca3cfe8c6adf,Ъ
85b4e86992a8f745,Ж
78c0ffe0efe6befc,Т
e0931c72ff57282b,Я
5ae63cf2b14eac64,Л
75b5205cd25f128a,Д
7ee582c29dd00d71,А
89f5a12dac0ef802,Б
0622f70c95ac13d6,Ю
73d12ce5b0dee5e4,В
9018c2bb0a2f0023,Т
c6bc44f709f4e83d,Н
ee6a405abb17f812,С
c27d8b287e9d4258,Е
8e086e6f4678357c,Ъ
684363f65321d315,Ш
71ee8e4f81221e83,Ш
8ce4658d63be5f1e,З
5a15e78fd784c0fa,Е
852c4022239d38d6,Ь
84a27b037135f34a,З
da43e364e5ade835,Ъ
589d4283ee7d4ece,Ы
93b88e2aaa5bfa0f,Ь
682b05ca2d4bcd5c,П
2f9c40571406b9c5,Д
469dde0b58915870,В
9602dc255ee13973,Ю
f5310348be155ff7,Л
f026291ce6e15671,Э
92c12bd3a011676b,В
a9214ed9f7847f6f,Ф
85d66ba76a464cd5,Ъ
867ec052657c5570,М
cd9e1f236842fbde,П
5a6608ce2b2a3bda,Ё
bf865d9a3caf8911,В
c825d69a2edf23f4,Д
103aa8e456789d75,В
afb3e19eb9e41de2,Ы
f228e7e5ea12bbc0,Е
3b2c137c7e85509b,Е
1c5677f4b8fe7fdb,Ж
7aa5fc0e093b30d7,А
8f83b73966987016,З
5a79065d87903d79,О
c44d7a66ae3258e7,Ш
e3869d4ab347de82,Й
23181f6f977bf903,Н
309714e5afe432dd,К
fe43c910a0d99da9,Й
c954643312f51511,Л
417d05b2e59a4ab3,Б
8d9e7955681c87a1,Щ
45bb82ceaea67de6,Ч
c9da4c82e644dd74,Б
1af3c3c103b3bde9,В
b035131990548b0f,И
63ef3499fc900c82,Т
d042278e68ffb80c,П
f69466045a387486,Ы
82e50126aa15eece,I
5351104312c39e85,К
760da3d4785e0900,Щ
0c718338517469fc,Г
786d9c25b8c7d54e,Ь
07599fb84ffe64dc,Д
ed027f19c54663ed,М
ef9309aa52b61a74,Д
cc454d65ece199dc,А
bc7749f10bfe5208,Х
fc9ddb808cb3f4e6,Й
c9497fa8ddcf9292,Ю
6646856742c8e7b8,П
85b44cfa15836c67,I
5543695104880e7e,Т
c005764b9d39d623,О
2bf68ced38eef3be,Л
e5cd98cfa08f655c,Д
35fc6f7b3c32ab10,Р
bec65e8969a18f6d,Ч
2ae2f0bf83f8f70e,Й
70c762a3a6f8033e,Ы
e80933a4db3b3632,Н
14d065bc284706bd,К
3dc3561176891435,Я
8e58970f54f63932,Р
74cafe486866519e,Ф
5c34ff815afaae2e,М
ffc644cc1561827c,Ъ
d12915c3b6c67b8b,Ч
c6af403d4786dab9,Щ
c8072f77be632303,Р
8e6e3baf4cad31a0,У
1b8b94642daf1ee7,Б
b2e4d77e5b6dac69,Л
28d9056d4d555654,А
6e5e28017104a21c,С
41d1f0f9757490c6,Т
51bd24491524bc2c,Э
3c82b75898a476d6,А
dbc8fa3cd483bca2,Г
b0969457ac81f8a3,I
514d58d22ccb69ee,Ъ
f7e95c42d814fa1c,Ь
32e637baa272955b,Х
7ed3822908dc6189,Д
ee9a2581a17895e1,У
1a62d1e190817c76,М
b3248beb0761f845,Ф
602b6d88f7d2a8fb,Ъ
90e2ec75b160f372,З
b4e837f93ced8d20,Я
e20e2b05e504ea7c,Я
e5146aec6678c51a,А
50ea35c4438b9fff,Ф
54cd9735fafa0169,Ф
a92328d433acb88f,Ф
bfaa373449fed2d5,Ж
d6e90a6180bc0f1c,Ё
19db965e0ec47ff6,Ь
014bf5cc35ade0f9,Е
f350c2dc5df0e610,Ф
9cfaf46237ef1196,Щ
3b8bb2949cd94560,Т
ff721e778d87bf7d,Э
84eb67fdc094847a,У
fabc5f6978e024a7,П
1d3cf82f2c706bf1,О
d5dce364fba43a8d,Ъ
4bbb4cf467f3263c,Э
14c873be7b25ba43,К
319fa94c1d44a167,Ь
e4d233cf6fbb6103,Ъ
e46fac793862fd29,Л
6361838e6fbc5d95,Ж
bac6220ffde5015c,Ч
c92afcfdc195b405,У
de90fdb5754f5e2a,Б
2f577168b1089e94,Щ
4ed36ca8121d3c86,Щ
31fa87f0a80217de,Й
bb83cf1b6d21e567,Ю
dff364421bdba3ae,У
50cc6f23ccab3bb4,Х
5434e9b277bfb138,Б
7c848cbd2c5a5dad,Г
a6123115e3d0e98d,Г
27b277e7391a4d8d,Б
a402da12148cedc1,П
abeed94c4e16acc5,Х
1d1a0a892dc29bc6,Й
2025d25b41362077,Н
ee1220f0dd350510,Ф
dbb67c921eef34d5,В
c93a4fb1601a67d4,З
435172b8cd2faf48,Ф
c7dcf03b82acb87c,Ш
17999dad593dfc73,Ы
b02d1492c6a44139,Й
6f027c3582192be0,Я
342ca4cc9eac2989,Д
0f43e58ba60c1de8,Й
84654f3b50cc36fb,А
a704ed0bb6ce8108,К
042cfb334f98c1aa,Ч
ed389ee4b0d07523,Ь
22ce412c414b4ed8,Й
4d2a0b4bb45dc19a,Ч
971e571a53adc20b,Ш
e91cfe6262746959,Щ
b09bda6909bb73f6,Ш
0e61666e97154a79,М
5581ddab50f51466,П
e4fb57b7591334b0,Щ
1289015a5efd5101,Ъ
ccfddae0da02060e,Ж
9b5b60a5caece98f,Ж
859581d25ff3b7cc,Л
798c25207db44e76,А
b7dd9ebdf96d1eb6,Щ
0e98bd68ce26d8eb,Х
65f46f80d9a2260e,Ъ
f00da9cd606dc2e8,У
dbe3b3690123e9c3,Д
7fa73ebae276ab7c,П
2c6387f3368b1b9a,Ю
961b2d97d77ccdbe,Ь
5d2c823f95ae6cd6,Г
84fb24387bb47e27,З
3b1b66ea02e1b5f9,Р
5ed51bd496c242e5,Д
e8dea90934f449ef,Л
e1bc965ceae7da27,Ч
b2718201d0d6e87e,П
b44d4f9dc58b97ed,М
b000cfa6664ff637,П
75c62505d0082485,Ц
2a87cfadbe2f0f4e,Ч
3c4d185ff39a89e5,Я
b172420a3ad51abd,А
62ff8481583801d8,Ю
dfb667710e4e7317,И
5ecfef34103c9674,Ь
1567b915e2f5ea8e,Х
db42208dcfc86f9d,Ж
a421bdcf90c77d01,Ц
37fa8f158ae03d6c,А
6a37e3efb16063fc,Д
ea4f4ae5c614b5fb,Р
f94dfb19c475e128,Э
630c17eed3633014,Ж
a9332907f1adf8a7,Ъ
f0cca0cb80a6c0d8,Э
70841bb736814e1e,З
944c470bc14253b1,У
7c6b9372edfb5853,Ч
c2984ba95e35b5c0,К
be73da844584772d,З
6db51a72eb4b6bb5,Ж
d0a1372b368414b8,Ф
eb3d129b0413963d,Л
687d68331c7ab462,Ь
4057a124f4754231,О
846c857c4a9dd493,Э
a391dea6259869a3,Щ
d41bd8fd66edf591,Е
43e74fc60d27b239,П
f788b07d367e7a8d,Л
e87f3357ac29f287,О
40ff25188587406d,И
a646bb9206880b5e,Н
60423eac2a3c5f9e,Э
f0a36dcba5465a9a,Ь
c2ad489dd126e871,В
fefa5cbd5bb1c377,Ш
0a4f2450905dc6a0,Ё
5dfa239b2b0554cd,Е
1cfd7ccc6228d3d5,В
8ca3b6d7170c79d8,Ф
624c5b4be1943913,Ф
4c7b4fe05e0caa22,Ц
c126599bfed243a8,Ж
dee94eb5fa32abae,Е
e469bc15743619f0,С
718d7da7dbf69dff,Ч
b4c77cebe83290a4,Ъ
7b55ea37294d5579,I
4b14361fb2f8a50f,К
bfb704f6f9c06780,Ь
683f517c7a75dff3,А
6da9c7d4c8437207,Ш
49cf83b4b7fc6c36,О
7f01ef096d15355b,Ы
1650220765334a40,Ч
790b0c05adb32b11,Ы
26205538e811c0a6,С
c19376b367332ddb,У
db85b9c8ec21688c,З
af31755a98821da3,Г
11188b970b99e92a,З
1f5a28ddfdb96987,А
9f9fd1a9631cd30a,А
0cfdf212aae0307c,У
f38cafda0221299a,Л
ff51f31f19582267,У
39999c74b9d7f954,Б
8de3cff946523cad,Э
04715bdcecfcde6c,Ю
148a16c2e93b693d,Ц
dc4b0a0becc14ec1,С
e1c99e56d69e5b58,У
201629fa9c680c85,Г
1c4c408508ba3129,К
47d8d5f31d3f6885,Р
b550f944a115519b,Т
75a30c49e21409f8,С
efa915e36374e867,Щ
73cddf1f5d127ac1,П
b90bff7a1e97ca1b,I
84f70f35dca4a07e,Ж
f5eb12ef0a80379d,А
95bfe418fe052be5,С
14c4d16bcbd341a2,Б
826853f7346d7ace,Ы
cf15fb86ef0c8b71,Р
ecf267b06a363ebc,В
4bfd64ebafaed90e,Л
7e63e8fda73d89a5,М
05ea431b81530041,Е
904b9a22da4bb2ec,В
1a3a18c117cb50f8,Ф
1d8fd3f5419b4f8f,Ф
0d84930e3fa41968,Х
2e024c39bfd88e5f,Й
322853d0c288b8e6,Ю
f39b168dde6f1910,Б
fbaebb3302bbb6c5,Э
96b27a5837192467,Щ
95e1b622f523a439,Ч
35707ffa917dec62,В
7a93345dc1dd2763,Т
1b61f06b2190ee8c,Ш
9bfaa4c4053d8d1a,С
ac5fb4c8266a5c62,Ы
37fcbe4981600014,Щ
e13ba88d6971f6da,Ф
6c9debe3a07611b9,Ц
f5bb551af4cdbe6e,Й
b9cd0e7c0df061f3,Ь
9091a39637f04ce9,М
f5f3801eb723c239,М
ba28986d858f991a,Я
d2046100dbc029af,Ё
f4d43a71f33806e9,Ч
449918824e163bb8,А
9dfb492dfed3567f,В
5a0c28ccfb670684,Ц
bd4f8ad5f0f08d7d,В
1b3680d64a8c6214,Э
9913804c28288d7f,Ю
9f43c219af1024c4,Ю
406fe0e323491c04,М
116290eb79930898,Е
e1eabc2776e30ea7,Й
d1e7cac5721971d6,Д
75a76e62a4157a14,К
41b1584b9fa0b7c6,З
c617a47aafe812d1,М
ec3c1a5ed94d19aa,Ы
8255d5a5ca14d4c6,И
b498cec931405d27,Ж
1e5f00b39d600838,Э
4924969ca8e277bd,Х
a2aee060bb2b911a,Р
f9dd72b47bbb0151,Ы
3efab12027b247d7,З
3b6d9e1a18b569d6,Д
3a9c8fe1a658b0e1,Х
c9e9d81f0ea22a70,В
e38e759a58eb049b,С
1041ef281df58faf,Ч
0e0e80d2bb1b3d9f,М
3d28acd9b4bf618f,Ж
231522ae20ae1786,Д
cb38f86991ef8d4e,Ф
fa4f763b25407a1d,Г
7f4325ecbddc455b,Б
609898fe617ff287,Ш
d0019a49b239efe0,К
73762120aab9c259,Б
0c9b6be908b3a81e,Г
d1db1492c2e2683d,Я
2e6e9f73d1f37e39,П
1d09a8316514a021,Т
74ededb58418128e,Ф
3089754e941d801d,О
eb51e72b7bc2d6e8,Т
07ca838c17d1a48c,Е
50bc439e04478f0e,Р
f27a983619b8ce24,Ж
5d52d2de5ecb9ef9,Щ
187386edfa6f61a7,Ы
6f9cb607b800674a,Ч
1dd712f199f5e85b,Р
034199ecdbdd62a2,Л
4065d6b930338953,Ё
c59994cf58338e99,Б
416aa682f6e74e7e,Л
1bd84b777bd8c4a4,Ч
d5b5acb7e2b7c8e6,Ф
ddd671787454f64e,Я
373a75d947686eb5,Ш
602a4b0cdc06be9b,Р
e46c9ecf2bf848bf,Ф
c14dc5388c01c906,Б
a193243a833d626b,Е
85f2ee5bf2e511c6,С
c11658e2b5535da2,Р
1421695d6f16d40c,С
8e2e5f181114ffab,Б
3f9077d287ed8c47,Э
432b6f1effc9b000,Д
918aae70df295d38,Ж
4148c34324b1325b,К
db7b3817e4448930,Щ
691e276c75f72dd7,П
9d5f1b27f158b5ab,Е
a7b4ce44871fb85b,У
acaae5caa3bbe79d,Ъ
54eab72fc006ee54,С
32c56c81666928a0,Е
97763e839b8991af,Л
0895756f95f60e4c,I
b2b3fcaf8efbe7c9,Л
72bd1f76148eb01b,Ц
6cd3f10dba8e4d08,О
8fc5473b8736d189,Х
b7b334c71dbabcde,Й
3d021d8362be1a93,Е
76bc2713cf211d3b,Я
f15e72c57184f17d,I
1bd85606ac388eb8,А
d1548380647ce321,Ш
c1cda8e1bf588474,А
29ad0488eae09930,Ш
9dec27476451a969,Э
4d73cfe2d723dea9,И
c8e6be6d8f75fd9f,М
bed78a0d4a90aa9e,Ъ
f510615225b6de5d,Л
2774696d426475ae,И
d3891bfb4c0102c9,Ч
7cc40f31e209e4c4,Ё
44ad11691ef76cbd,Ь
473dd71b1637522f,Ъ
48a7192846971d42,Ж
11cc35a9f82ed1c6,Ь
d7293c9201c7fe57,Ы
6e6535563011a80f,Щ
53d3bd309f971fee,Х
f949b4a16a5e2118,С
30bf1d92db18d922,Ж
8ff42eee7609f27a,М
6d0d60c1576d45a9,Я
10eaa3044d2ae61b,Р
9a6eb0b9c7d889be,К
123f441b49736539,Ъ
e3ee621567f0dbb7,С
a3710990981ee3fe,М
2fab442dbd807d58,Ф
8c7708708f5ae3dd,О
33f09bdc87fb53a8,Ф
2a6c40fcb7700f2d,О
c0913786aaf12cf1,М
859a82872849394d,А
203a25223b542169,Д
3234c23daef59a46,Ц
9a024cf0e06f8a09,Т
60e06bd5dcf61db1,I
9b205011f6e5564b,Ш
9cae58278003b93a,Ё
b6fd25321cb0b688,О
e20ca9f7b8cfaf3b,Щ
9b181ba09ffef04b,Ъ
61f1b90ebfb8f3f4,Х
d64dea1c9342e6fc,П
cf0cbcb26d5c230a,Э
48eaa36266e29e51,Ь
007f7e937b380c66,П
b06b88d5301a0805,В
028a30650a3cdb54,С
911a97af322cf80c,Д
09c9af567559436f,Ц
4657e97d88a23336,Л
462c7037feb980e9,Ё
8a74b10322b25790,Ю
ef8670318bb5a4a2,Й
7240272e6e85c184,Е
928564bf7f127020,А
08ef04b3feae3b1e,Ъ
1828209ad67d5750,А
b84b16b637e99c0b,Б
77366a669617c0e8,Е
817f0e34472443c9,В
ccce0528c2547d59,У
3008d7b345a84d19,Б
63720474b90888ec,Д
7aacc8c65787563c,Д
a435a55a3812d27e,Ы
9b4c81e3d9b6a283,Ы
443d9892a665f6e6,Й
dc5e96dcc0764d2e,Е
18b041b0efaa6b39,Е
4c759c0d3fc88816,Э
a7a2ba829cd9ff94,Ы
49681bec9b09c52a,Т
761d4a9b75c6dec5,Ю
6226c9b3b02c03e5,Я
1af4d4c6b69123db,Г
2d6abe6d36e01883,Т
22b5384f33d8835b,Ц
0dc305b12d2c4d6a,Щ
0efc615be203cf38,I
ebd0ceac2e6e8174,У
4744061321318bcb,Ю
272ae3ac5a793b3e,I
d2f2bc0abe898de9,Ю
10a94fb5d4bfa199,М
7e0074ca0aadb861,Х
7f71262f16b59894,И
7ec9147fe5c13f78,Х
4c3b0963d7752846,Ф
cef658313f20c938,К
f1dfd21aba87e3c4,У
368993913d8165ae,Б
3ccfdd02f3be2558,Ё
467c0e2e5bd20e72,Ф
60be067d68677508,З
75495414d2a642a4,У
7b257da54639bc9d,Ф
c5384b7d0b56a502,Й
3be9d167aa9b9a21,Щ
82c65fdf8d3594bd,И
655849581def70d9,Ц
1e608ce2e9b3e3bb,М
0e49f13a240acbb2,Ж
682c016a53847c66,Ж
8a28ee9929ef5b0b,И
8aa3b091dc85bf28,Ъ
be9765aa3dc0586f,Ъ
8a857764b8dd4836,Щ
2846bf92734d8a57,У
2303b22b90e3f793,М
b51613d1fa0214c0,К
feb9883f79e2f7fd,В
41729dc9b8e1b6bb,Н
e7593b05dc4ed17f,Ч
27073a6f498eeeee,Г
2c4ec43f903dd37e,И
482ace4656929e1a,С
3ca5d6625b0d1d31,М
9fcd8f0f51dd2491,Ф
f3ec4d36e4f45637,М
c4f580bb783a7dc8,Ж
51ba149fa9876022,Щ
4b9286d8dd894d19,Й
534ceb5dda543f93,Ю
eab6c644a13b62c9,Ц
b82a613cdeb54bb8,В
f9e8ebe838b1fca0,Ш
7387b2afaa71b07f,В
79ad89ad136e8bc4,П
9a5e289ac7f57421,Н
cdbfdc67a0879a49,Л
709bd73c84daed7c,С
18e1138b1cb4e89a,Б
303cb879ba25697d,О
60fd00dc8e05697f,Ж
0e4dcbc43a9b11c3,Е
675c1e53b590b38b,З
91884e9b9253e98c,Я
f0741f6ddf2002cc,Д
aec1f997d51391ad,Д
02c45c49ef16075e,Е
8816da6c5fe4d86c,Н
be9d6d97adc6e177,М
dd87ef0a7db28b82,Ё
927b2bbf56cf90af,У
8858234d94b36dde,Н
9a94196058d2b38e,Б
909807985943a5c0,К
41310815725d380e,I
9fe3b2fe8ab28f9f,Д
6b48cae5a7124b94,А
0c30b1240be68ec1,Д
4ce0a203f61e5aba,Л
22dee65cbe1da96f,Р
e22348aa69982b06,С
c0401332ee8e9888,К
7dedcc1e235adbdc,Т
ec9396c1aac999fa,Ы
88dc1e5f1d95a247,Т
0721f5193d9ae6c6,Ы
a25c9f1f0e9de3f7,Т
4407044a9117c121,Ъ
bd508018eff3ba0a,Т
f8245131617271cf,П
45a253165811adad,Р
f2ec05e1cbf99bba,К
028369b8b0e4c82b,Х
82782c0ff8ef399d,О
15a7c5facffba77c,Д
af94d892159b51e7,Й
ee64960e9ac12ed7,Б
44cdd3b21b156374,Ю
e7ad4d7694b48123,Л
a4bbc34299eb2a62,Щ
3672afcd05e8e100,Ц
3e801ffe3b953b7d,Н
009af8d607f70d3d,Л
09252df922e8955b,Г
9e0636cc3c66d676,Ь
8a688b801e48973b,Щ
bcd08b1b863c35a8,В
1552a3fe22f5ebe1,Р
67ec8be1eb28bc27,Ш
5bbf3df4c2d20fba,П
f4f1d16dcfbe907a,Р
b52322cddc7b82c9,А
e0c1ed517332fb10,П
dd9f27cfce9f212d,А
7e19f687e8ed119d,Ь
c3e9c87bd158d34e,Я
add0ddd791ba1670,Ю
381335dc0d261d46,Л
737191214c5f6455,Щ
7be9eea012317912,Е
3efbcc787586fca0,И
cddb3a664f104a33,О
b246959c9e06af63,Я
75932ac981e6a923,С
d87966caeb1476b5,Х
03fd81b52975df06,Ч
9f10c1d61abd2aa2,Ё
14148b1e829e23ee,Э
218e78c63c224c4a,А
8315791f2ba1b6d0,М
a0d3362b2b2b1565,Щ
11085e09b7df5729,Й
69b6e5d140e1a8da,Е
