id,AveragePrice
0,1.3313901
1,3.1289976
2,1.982269
3,1.289398
4,1.023773
5,2.1863706
6,1.294769
7,1.3152769
8,0.0070478823
9,0.39657575
10,4.8704033
11,1.8772886
12,0.64535505
13,1.2903745
14,1.3177183
15,1.1355894
16,1.3221128
17,1.9632261
18,3.4705503
19,0.69652
20,1.1170347
21,2.7304893
22,1.091644
23,1.1370542
24,0.9588316
25,1.3182065
26,1.0975034
27,1.1849058
28,2.0898607
29,0.6360777
30,2.0511167
31,0.25375348
32,-0.17593403
33,0.9739683
34,1.2620542
35,1.1722105
36,1.1927183
37,0.870695
38,0.50733316
39,1.2908628
40,1.2063901
41,-0.16860981
42,0.75765973
43,0.47406197
44,1.2537534
45,1.6689999
46,1.9004819
47,1.2181089
48,1.1038511
49,-0.056060977
50,2.2621896
51,-1.3954775
52,2.4521866
53,2.7117612
54,1.2698667
55,1.1941831
56,1.1526792
57,0.9519957
58,4.1983137
59,0.7478941
60,0.289398
61,-0.55196875
62,0.5999449
63,1.2376401
64,2.8197935
65,0.59481794
66,1.3309019
67,1.5193784
68,0.73910505
69,0.58285505
70,1.008148
71,-0.25894183
72,1.06723
73,1.1209409
74,0.4222105
75,0.5833433
76,2.249725
77,1.2225034
78,1.2410581
79,0.53341657
80,1.9117124
81,1.273773
82,1.0589292
83,6.419037
84,10.740082
85,1.0003355
86,1.2596128
87,1.3162534
88,1.1399839
89,0.29428083
90,1.201019
91,4.883642
92,0.648773
93,-0.050445743
94,1.3743589
95,1.2815855
96,1.1316831
97,0.34017926
98,1.0159831
99,3.6023862
100,1.2244565
101,0.31307966
102,2.0022886
103,1.2376401
104,0.6645667
105,0.23422222
106,2.1233823
107,0.4371031
108,1.1726987
109,-0.6222231
110,1.6149368
111,2.0938413
112,1.4329526
113,1.0896909
114,-0.019928167
115,2.3757017
116,1.0389097
117,3.3526304
118,0.91171247
119,0.73080426
120,0.7327574
121,1.3348081
122,1.1560972
123,0.3355406
124,1.1458433
125,1.6308827
126,0.26010114
127,1.3665464
128,1.180023
129,-0.5517885
130,0.016937068
131,-0.009185979
132,1.1126401
133,1.2640073
134,1.8075938
135,-0.27847308
136,10.181
137,2.426605
138,1.0896909
139,2.3667629
140,-3.2032778
141,1.1546323
142,1.2908628
143,1.1424253
144,-0.12930317
145,1.4732091
146,0.34432966
147,1.2679136
148,3.1128843
149,-0.059117742
150,2.0506284
151,1.280731
152,0.47348005
153,0.45870954
154,1.3201597
155,8.959564
156,0.7322691
157,0.26571637
158,1.305023
159,1.1116636
160,2.0267026
161,0.8177183
162,-0.1402895
163,0.6914255
164,1.2493589
165,1.6492612
166,1.2342222
167,1.0164487
168,0.58773786
169,-0.17105122
170,1.1819761
171,0.9114683
172,-0.3585512
173,0.8699644
174,1.664398
175,1.242523
176,1.19223
177,1.0686948
178,0.64642876
179,1.622894
180,1.4534605
181,1.2073667
182,-1.5775454
183,0.6578062
184,1.1184995
185,0.8894957
186,2.3979967
187,1.3538511
188,1.2903745
189,1.0037534
190,0.124847226
191,-0.45132464
192,2.4837544
193,1.3186948
194,4.4231873
195,1.2908628
196,0.47667328
197,1.2264097
198,1.591644
199,1.270355
200,0.97592145
201,1.1351011
202,1.247894
203,1.2303159
204,0.24325542
205,6.3771667
206,0.0063656326
207,-0.11685199
208,1.044374
209,0.08041363
210,1.0833433
211,1.0125425
212,0.97103864
213,0.61361676
214,1.2781675
215,1.1268003
216,0.18637066
217,1.3201597
218,1.2771909
219,0.5109783
220,3.4800107
221,-0.31753558
222,0.07162457
223,0.26254255
224,2.2610157
225,2.6570737
226,1.1873472
227,1.5338814
228,1.3621519
229,2.4999692
230,1.8704526
231,0.37484723
232,1.5584409
233,1.2493589
234,10.707611
235,0.9275816
236,0.07699566
237,0.66635114
238,0.7947691
239,0.9270933
240,0.540241
241,1.2029722
242,3.534271
243,1.1482847
244,1.095062
245,1.3533628
246,1.0052183
247,6.8900676
248,-0.05618731
249,0.22885112
250,-2.347809
251,1.8133237
252,1.0369565
253,0.61117536
254,0.7709915
255,2.364098
256,0.21298198
257,0.9363707
258,0.32431012
259,0.51498395
260,0.9690855
261,0.9378355
262,1.1131284
263,2.0121481
264,1.2757261
265,1.247894
266,-0.041877046
267,0.97592145
268,1.195648
269,1.2596128
270,0.6150816
271,6.351898
272,-0.013605723
273,1.638519
274,1.1839292
275,1.3186948
276,1.5783596
277,1.4139097
278,1.2293394
279,1.2757261
280,0.49105817
281,0.67660505
282,1.2386167
283,1.1829526
284,0.47152692
285,1.1595151
286,1.3123472
287,0.29428083
288,13.714203
289,0.96859723
290,1.5433042
291,0.23324566
292,0.99154645
293,1.2908628
294,1.2576597
295,0.90609723
296,1.8018491
297,1.0750425
298,2.763519
299,0.90427274
300,5.1155887
301,1.1150815
302,0.29281598
303,1.2713315
304,1.1971128
305,4.0691833
306,1.3323667
307,0.5926207
308,0.57089216
309,1.7383726
310,0.91571945
311,0.3733824
312,1.1434019
313,1.364105
314,1.2244565
315,1.3406675
316,1.4593198
317,1.2454526
318,1.3650815
319,1.386684
320,1.3973081
321,1.5887144
322,0.8968199
323,1.2000425
324,-0.08340473
325,0.37509137
326,1.5093687
327,1.3143003
328,-0.2545473
329,1.2972105
330,1.0184019
331,0.4642027
332,-0.27236956
333,0.09017926
334,-0.30581683
335,1.2698667
336,1.3059995
337,0.60702497
338,2.008148
339,0.22982769
340,1.7485273
341,-0.101959415
342,0.69515973
343,-1.3700035
344,1.3357847
345,0.9934996
346,1.1985776
347,0.65267926
348,0.57253695
349,1.2962339
350,0.36068708
351,0.55331403
352,1.133148
353,1.3020933
354,2.6878355
355,1.0652769
356,1.063812
357,1.095062
358,1.0686948
359,0.5469664
360,0.4251402
361,1.3269956
362,1.0520933
363,0.82992536
364,1.2610776
365,1.0276792
366,0.31014997
367,0.5599058
368,1.2996519
369,0.07919293
370,0.5369566
371,1.270355
372,0.7767027
373,0.8426207
374,0.9275816
375,0.3572691
376,1.2542417
377,0.6570738
378,1.0125425
379,1.2762144
380,0.9141914
381,1.1819761
382,8.101654
383,0.27474958
384,-0.31314105
385,1.2137144
386,0.3186949
387,1.3313901
388,0.17538433
389,0.99398786
390,1.2596128
391,1.169769
392,2.313812
393,0.45285016
394,0.24203472
395,1.5369565
396,1.2996519
397,1.2185972
398,2.0948179
399,-0.020172307
400,0.24545269
401,1.7634585
402,2.527191
403,-0.05361957
404,1.2561948
405,1.5389097
406,0.32675153
407,2.345113
408,1.1282651
409,1.3162534
410,3.195009
411,1.3182065
412,-0.35537738
413,1.4876401
414,1.2093198
415,0.95541364
416,1.3069761
417,1.2972105
418,0.15609722
419,0.21224956
420,0.4587057
421,-0.33584613
422,0.85922223
423,1.0594175
424,1.0162908
425,1.3645933
426,0.051077954
427,1.141937
428,1.0882261
429,-1.2110903
430,0.08016949
431,1.3621519
432,0.60140973
433,0.27328473
434,2.7395933
435,1.2151792
436,4.0174255
437,0.64242536
438,1.2337339
439,1.1980894
440,1.8230894
441,8.42746
442,1.1780698
443,0.47177106
444,5.051334
445,1.173187
446,0.48910505
447,7.0227966
448,-0.99819964
449,0.7010191
450,1.2239683
451,1.1844175
452,1.133148
453,1.2796323
454,-0.4654848
455,3.8920684
456,1.0496519
457,2.2671812
458,-1.1822817
459,0.23178081
460,0.5570245
461,1.2854917
462,1.4070737
463,5.279999
464,0.2718199
465,0.20907573
466,1.3133237
467,-0.20010395
468,1.4740903
469,1.2337339
470,-0.6044008
471,1.0088804
472,0.95785505
473,-0.21646138
474,1.1224058
475,0.10775738
476,0.16024761
477,1.1873472
478,1.3445737
479,1.4971616
480,-0.19546528
481,0.64120466
482,0.31731617
483,1.9639585
484,1.0904341
485,1.2605894
486,0.19613628
487,1.2967222
488,1.1683042
489,1.1917417
490,0.6402281
491,0.16415386
492,1.0975034
493,0.20004253
494,0.006805232
495,-0.0016176198
496,1.4402769
497,0.72421247
498,0.85155106
499,2.7198179
500,1.1907651
501,-0.18814106
502,0.3445738
503,1.2410581
504,3.5057065
505,1.2449644
506,0.58773786
507,0.16708355
508,4.1978455
509,1.211273
510,1.1194761
511,-0.13955708
512,1.2225034
513,1.122894
514,0.73944753
515,0.60325104
516,0.39193708
517,2.046234
518,1.2723081
519,0.0760191
520,3.5693052
521,0.27645856
522,1.1028745
523,1.4178159
524,1.1707456
525,1.020355
526,1.0078099
527,1.3040464
528,-0.10336246
529,-0.26870745
530,1.301605
531,0.8934019
532,1.2664487
533,1.2439878
534,1.2806089
535,-0.65884966
536,-0.21109028
537,1.2386167
538,0.8607243
539,1.2430112
540,0.53878766
541,-0.17446919
542,1.336273
543,0.8001402
544,0.56723005
545,3.2124317
546,1.2400815
547,0.620941
548,-0.9647524
549,1.2994521
550,0.34115583
551,0.9563902
552,0.024261286
553,-0.023346135
554,0.6927183
555,0.7825621
556,-2.9094546
557,1.1380308
558,1.3626401
559,0.5938414
560,1.251312
561,1.2312925
562,0.113128476
563,1.1736753
564,1.0424322
565,1.8355405
566,1.298187
567,0.5765074
568,3.367767
569,-0.2533266
570,0.86410505
571,1.1443784
572,1.1927183
573,1.0789487
574,0.9700621
575,1.2449644
576,1.1268003
577,1.1619565
578,1.3538511
579,0.71566755
580,0.2508238
581,1.2576597
582,1.2239683
583,2.5716245
584,0.8255308
585,-0.5383058
586,0.42562848
587,1.336273
588,1.1761167
589,1.1976011
590,-0.2594301
591,1.0769956
592,1.1268003
593,1.4729917
594,1.2254331
595,0.8836363
596,0.26498395
597,0.16830425
598,1.2220312
599,1.3392026
600,0.66390973
601,0.6719664
602,1.251312
603,0.81552106
604,0.37024727
605,1.2532651
606,0.72885114
607,6.2513123
608,0.71566755
609,0.2976988
610,1.3562925
611,0.81430036
612,1.0154722
613,1.1951597
614,1.0179136
615,0.9499957
616,0.13900737
617,1.2884214
618,1.2308042
619,1.2723081
620,1.3323667
621,1.0696714
622,2.6600034
623,-2.1022036
624,3.4566157
625,1.3396909
626,1.270355
627,3.338226
628,5.3836365
629,1.2630308
630,-0.10073871
631,0.8080609
632,1.2659605
633,1.1233823
634,0.27401716
635,0.022796443
636,0.42386028
637,-0.71817034
638,1.2976987
639,3.753021
640,1.3465269
641,-2.5379946
642,1.1139436
643,1.2029722
644,-0.84561175
645,-0.5880434
646,-0.460921
647,1.3533628
648,-0.00967426
649,1.216644
650,0.30355817
651,4.123871
652,0.76498395
653,1.2571714
654,1.2483823
655,1.4590757
656,0.5110777
657,1.1131284
658,0.09127789
659,1.0716245
660,1.2522886
661,-0.0814516
662,0.6324383
663,1.1238706
664,5.6961365
665,-0.23867817
666,-0.9720766
667,1.1678159
668,1.1932065
669,1.2806089
670,1.0340269
671,1.1712339
672,2.6178741
673,0.07040387
674,1.1009214
675,0.7513121
676,1.3357847
677,1.2664487
678,1.0696714
679,0.76205426
680,1.258148
681,1.1375425
682,0.777191
683,2.1111753
684,0.61361676
685,1.1936948
686,1.2288511
687,1.2952573
688,0.25546247
689,-0.54647845
690,0.58531314
691,2.1352456
692,1.2454526
693,0.88754255
694,1.320648
695,2.3167417
696,0.92416364
697,1.176605
698,1.1985776
699,0.7840269
700,1.351898
701,1.9643124
702,1.2620542
703,0.22714214
704,0.30754417
705,0.31430036
706,0.1944273
707,-0.3688051
708,3.6988785
709,1.2625425
710,1.2718198
711,0.76547223
712,6.318695
713,1.0184904
714,-0.13613911
715,1.0818784
716,0.4148863
717,1.1712339
718,1.9861753
719,-1.7545474
720,0.88265973
721,0.32666028
722,1.1790464
723,0.14294524
724,4.9534607
725,1.336273
726,0.7137144
727,1.0540464
728,1.5514611
729,1.0374448
730,-0.210602
731,0.6355894
732,1.2972105
733,0.8294371
734,-0.0011293385
735,1.6296456
736,10.251068
737,1.3094175
738,-0.36123675
739,1.00473
740,1.0838315
741,0.8531187
742,0.83068424
743,3.6251204
744,1.0843198
745,1.1048276
746,0.53475934
747,0.58529645
748,0.5926207
749,1.4129331
750,1.2874448
751,0.82992536
752,0.32797223
753,-3.3696597
754,1.1097105
755,0.7034605
756,1.0410057
757,0.0760191
758,1.1770933
759,1.2132261
760,0.65023786
761,-0.013824651
762,-209.37001
763,1.2327573
764,1.6784608
765,2.9236753
766,1.247894
767,1.2718198
768,1.2942808
769,0.45042694
770,0.23770235
771,0.04769879
772,1.9466245
773,0.40072614
774,1.1053159
775,1.0105894
776,-0.66177386
777,0.8186949
778,1.2674253
779,1.3338315
780,1.5286558
781,1.2410581
782,1.2596128
783,1.6113938
784,0.8894957
785,2.0493581
786,8.381439
787,0.6600035
788,1.1683042
789,1.1946714
790,0.652191
791,0.30059302
792,1.3596346
793,1.180023
794,2.5369565
795,0.3157652
796,4.301605
797,1.0086362
798,1.086273
799,1.7757261
800,-0.42251605
801,0.85596126
802,2.476898
803,1.8587916
804,0.7422789
805,0.5599058
806,1.0208433
807,1.0608823
808,1.2591245
809,0.4966734
810,2.3437698
811,0.04943829
812,2.4698179
813,0.075713925
814,1.1790464
815,1.3094175
816,0.9414243
817,0.7183531
818,3.6282651
819,0.74447614
820,0.9954527
821,1.2488706
822,2.9280698
823,1.3699644
824,4.484955
825,0.8020933
826,0.03884869
827,1.2161558
828,0.85140973
829,1.9012144
830,0.73861676
831,0.6263121
832,0.15512066
833,1.6495299
834,0.1746519
835,0.2881773
836,-1.1378481
837,-0.13246413
838,0.53109723
839,1.1893003
840,0.805023
841,1.565521
842,0.74691755
843,1.0301206
844,1.1380308
845,-0.0016176198
846,1.1702573
847,1.3401792
848,0.6785582
849,1.3201597
850,0.34970075
851,1.6258237
852,0.8494566
853,-0.45962542
854,0.02548199
855,0.90609723
856,0.5061949
857,2.1497495
858,0.99447614
859,-0.047516055
860,1.2762144
861,1.7976987
862,1.3025815
863,1.2972105
864,0.09213238
865,1.3470151
866,1.06723
867,1.0374448
868,0.75228864
869,1.1761167
870,0.914398
871,1.157562
872,1.3079526
873,1.1194761
874,0.6709288
875,1.2610776
876,1.294769
877,1.164398
878,1.2371519
879,0.014326399
880,-0.025607059
881,6.3853455
882,1.0213315
883,-3.7856753
884,1.3577573
885,1.4251401
886,0.71643597
887,0.043060116
888,0.71322614
889,0.7188414
890,1.2361753
891,0.27523786
892,1.3045347
893,1.1849058
894,0.2449644
895,2.9130924
896,0.7723082
897,0.7825621
898,3.8499448
899,1.2088315
900,0.8802509
901,1.3909605
902,0.8133238
903,0.066253476
904,1.2918394
905,-0.058502384
906,2.1961362
907,-0.05984205
908,1.5324416
909,1.3167417
910,0.714691
911,-0.73379534
912,0.81967145
913,1.12973
914,1.2918394
915,1.2434995
916,2.0245054
917,0.7540509
918,1.7925718
919,0.4604024
920,1.0677183
921,5.7117615
922,1.2684019
923,0.34896833
924,1.0369565
925,1.3289487
926,0.026008537
927,1.6512144
928,0.9119566
929,1.2347105
930,1.2264097
931,-0.6402895
932,2.0099514
933,1.0765073
934,0.18197612
935,0.8841246
936,1.2464292
937,0.9051207
938,1.3064878
939,1.3357847
940,0.86703473
941,1.5423276
942,1.2654722
943,1.2107847
944,1.176605
945,1.2483823
946,0.21041851
947,-0.58431524
948,1.1951597
949,0.27366537
950,0.7200621
951,1.2244565
952,0.5110521
953,1.1712339
954,1.1424253
955,-0.7364349
956,1.3445737
957,1.251312
958,0.792816
959,1.2620542
960,0.5369566
961,3.6829526
962,1.2615659
963,1.0227964
964,0.44869307
965,1.0340269
966,0.6422775
967,1.1246952
968,0.1722105
969,1.2762144
970,0.35580426
971,5.342811
972,1.0156748
973,0.3584898
974,5.759632
975,1.336273
976,0.9388121
977,0.054534726
978,2.3404343
979,0.19711284
980,0.10336285
981,1.3262632
982,0.1409605
983,1.3684995
984,1.2298276
985,1.2674253
986,0.23278789
987,1.1004331
988,2.358978
989,0.17367534
990,0.06027203
991,0.2745049
992,1.0242918
993,0.7801207
994,0.23007183
995,0.34481794
996,1.9839197
997,0.9090269
998,2.8409116
999,0.42782575
1000,1.3216245
1001,1.1556089
1002,2.3689878
1003,1.2566831
1004,1.0882261
1005,1.2054136
1006,-1.9059145
1007,0.8738707
1008,0.8992613
1009,1.3577573
1010,0.8182066
1011,0.19857769
1012,0.12704448
1013,1.3958433
1014,1.25473
1015,0.21615581
1016,0.069671445
1017,1.1009214
1018,1.8343289
1019,8.45639
1020,0.62850934
1021,1.242523
1022,0.19345073
1023,1.2449644
1024,1.2171323
1025,1.251312
1026,1.2854917
1027,0.9275816
1028,1.2747495
1029,-0.13931294
1030,0.8338316
1031,1.2332456
1032,0.31185895
1033,-0.6920473
1034,1.3538511
1035,3.722413
1036,1.2395933
1037,0.3103941
1038,0.6448187
1039,1.3367612
1040,1.0437925
1041,0.41951108
1042,2.5994565
1043,0.78890973
1044,1.2420347
1045,1.2347105
1046,2.3558042
1047,1.2083433
1048,0.27719098
1049,-2.0331118
1050,0.8216246
1051,0.7019957
1052,0.77767926
1053,0.05941754
1054,7.52182
1055,1.3333433
1056,1.141937
1057,7.186859
1058,1.2612263
1059,1.055023
1060,1.232269
1061,1.2786558
1062,1.086273
1063,1.0926206
1064,1.3479614
1065,1.2869565
1066,1.2351987
1067,1.1893003
1068,1.2815855
1069,0.7254332
1070,0.8020933
1071,1.2815855
1072,1.0852964
1073,0.9876402
1074,0.9268492
1075,0.2449644
1076,-0.027405629
1077,-0.53360003
1078,1.0799253
1079,0.21200542
1080,1.3235776
1081,1.3929212
1082,1.1536558
1083,0.67538434
1084,0.71859723
1085,1.2786558
1086,0.9436949
1087,0.77328473
1088,1.1941831
1089,-1.8082583
1090,1.2869565
1091,0.3470152
1092,1.9156187
1093,1.0086362
1094,1.2561948
1095,1.9212339
1096,2.2627585
1097,2.8479307
1098,0.88632184
1099,0.6902769
1100,1.1126401
1101,0.52767926
1102,1.3162534
1103,0.7068785
1104,1.320648
1105,1.5457436
1106,1.2366636
1107,3.4114072
1108,1.2654722
1109,1.0821226
1110,0.030120661
1111,1.2244565
1112,-0.35513324
1113,1.3528745
1114,5.450531
1115,1.2820737
1116,0.53447855
1117,0.5843199
1118,1.2815855
1119,0.492523
1120,0.8763121
1121,-0.6354067
1122,2.2576597
1123,1.5340269
1124,1.1893003
1125,1.3377378
1126,1.258148
1127,1.251312
1128,-0.13394184
1129,0.33041364
1130,0.7098082
1131,2.1009586
1132,1.185394
1133,1.0440161
1134,1.0433042
1135,1.1629331
1136,1.2742612
1137,1.34848
1138,1.4021909
1139,1.2972105
1140,2.530609
1141,0.47396833
1142,1.2664487
1143,0.36729777
1144,1.1131284
1145,1.610687
1146,0.0071714427
1147,0.8992613
1148,0.32260114
1149,0.9494868
1150,0.96273786
1151,1.0882261
1152,1.2332456
1153,0.9107359
1154,1.310394
1155,1.0335386
1156,0.383148
1157,1.2884214
1158,0.8582457
1159,1.1990659
1160,0.17831402
1161,3.3941314
1162,-0.10855121
1163,4.1490173
1164,1.020355
1165,2.2075043
1166,1.2493589
1167,1.2767026
1168,1.1868589
1169,1.1990659
1170,0.37680036
1171,1.0686948
1172,1.1180112
1173,1.4812925
1174,1.1668394
1175,1.2464292
1176,0.06918316
1177,0.90267926
1178,0.35922223
1179,0.27474958
1180,2.6077693
1181,1.1512144
1182,0.07162457
1183,0.52889997
1184,1.3055112
1185,1.3333433
1186,-0.5727846
1187,0.13363628
1188,1.235687
1189,0.16974758
1190,0.22164898
1191,-0.49003404
1192,0.99398786
1193,-0.0069887135
1194,1.3177183
1195,-0.028473089
1196,1.2557065
1197,0.07455426
1198,1.2684019
1199,1.2469175
1200,1.6043394
1201,1.9393003
1202,1.1995542
1203,1.0877378
1204,1.2376401
1205,0.4617613
1206,0.41293317
1207,-0.18159033
1208,0.24545269
1209,1.3143003
1210,1.1188633
1211,1.3233335
1212,6.606781
1213,1.3323667
1214,1.2747495
1215,0.26327497
1216,1.1517026
1217,1.1834409
1218,-0.09393329
1219,1.2845151
1220,1.0003355
1221,1.2527769
1222,1.1658628
1223,4.3606873
1224,1.326019
1225,1.2122495
1226,1.2229917
1227,1.8811948
1228,-0.33084124
1229,1.1844175
1230,1.982269
1231,1.3396909
1232,1.3948667
1233,0.1890562
1234,1.2796323
1235,0.5184019
1236,1.5430601
1237,1.28598
1238,-0.85293597
1239,0.7347105
1240,1.0027769
1241,1.2972105
1242,0.8138121
1243,1.4726976
1244,0.6780699
1245,0.92611676
1246,0.7693785
1247,1.2210386
1248,-0.4823305
1249,1.3333529
1250,1.7736089
1251,5.5767517
1252,0.2972105
1253,2.4773862
1254,1.2679136
1255,1.351898
1256,2.7025132
1257,1.3074644
1258,1.279144
1259,1.2308042
1260,-0.65613544
1261,1.1404722
1262,1.1858823
1263,1.2840269
1264,0.13551109
1265,1.2469175
1266,0.10189801
1267,-0.2779848
1268,0.9642027
1269,1.1790464
1270,0.33480817
1271,0.69515973
1272,0.289398
1273,1.242523
1274,0.7161558
1275,0.97592145
1276,-0.10342426
1277,-0.06069965
1278,1.2151792
1279,1.086273
1280,1.16098
1281,1.039398
1282,0.57260114
1283,1.0535581
1284,0.60140973
1285,-0.51333636
1286,0.10971051
1287,-0.28115863
1288,1.0433042
1289,2.3805568
1290,1.2415464
1291,0.2923277
1292,1.4037569
1293,-0.5206606
1294,0.30746442
1295,1.0052183
1296,2.9779203
1297,-0.4317934
1298,6.323631
1299,1.282562
1300,0.30599958
1301,0.17733745
1302,1.207855
1303,0.836273
1304,0.37558544
1305,1.2620542
1306,1.2361753
1307,1.0647886
1308,0.7635191
1309,0.98080426
1310,1.211273
1311,4.582855
1312,2.1925962
1313,0.9905699
1314,-0.65689105
1315,1.2664487
1316,1.0911558
1317,-0.35464495
1318,1.3128355
1319,1.1209409
1320,0.30941755
1321,1.263519
1322,1.2312925
1323,7.309662
1324,1.4187925
1325,0.586273
1326,0.27560407
1327,1.3567808
1328,1.1214292
1329,0.37094098
1330,1.2786558
1331,0.36312848
1332,3.23056
1333,0.33187848
1334,1.2312925
1335,0.12509136
1336,1.2381284
1337,0.13168316
1338,-1.6568911
1339,0.2322691
1340,1.2347105
1341,0.9978941
1342,1.4129331
1343,-0.47317523
1344,1.2239683
1345,-4.871236
1346,1.9798276
1347,2.6980894
1348,1.207855
1349,1.1184995
1350,1.6433487
1351,1.2161558
1352,0.9466246
1353,1.3323667
1354,1.1248472
1355,3.030609
1356,0.33822614
1357,0.29612333
1358,1.1746519
1359,0.2959898
1360,-0.048004337
1361,0.1788023
1362,1.3406675
1363,0.58387095
1364,1.1180112
1365,0.7723082
1366,0.13876323
1367,1.0677183
1368,0.3211363
1369,-0.8236391
1370,0.12191754
1371,1.1966425
1372,-0.43814105
1373,1.1831968
1374,0.64362586
1375,1.3011167
1376,1.2117612
1377,0.94174176
1378,0.05142478
1379,1.2176206
1380,1.2469175
1381,0.5193785
1382,1.3201597
1383,1.1404722
1384,0.3235777
1385,2.0005887
1386,5.612152
1387,-0.6882631
1388,1.2361753
1389,-3.0179868
1390,0.10940533
1391,0.13705425
1392,1.0975034
1393,0.25350934
1394,-0.6991274
1395,-2.7291567
1396,1.2576597
1397,1.3269956
1398,1.2454526
1399,1.148773
1400,0.49740583
1401,-0.09417587
1402,2.399017
1403,0.8300852
1404,-0.093902774
1405,0.6126402
1406,1.3309019
1407,2.652191
1408,0.8060643
1409,1.279144
1410,0.41262686
1411,0.500945
1412,0.13827495
1413,-0.15200825
1414,0.03305035
1415,0.21835308
1416,3.3870542
1417,0.9231871
1418,0.1541441
1419,1.3948667
1420,1.0193784
1421,4.177582
1422,0.25473005
1423,1.2464292
1424,1.1751401
1425,1.0149839
1426,0.5916441
1427,0.86166364
1428,1.2576597
1429,-0.44302386
1430,-0.4173891
1431,1.3167417
1432,2.5999448
1433,1.070648
1434,1.0418394
1435,1.0970151
1436,0.48007184
1437,0.64364606
1438,0.58578473
1439,1.9139097
1440,0.25716758
1441,1.095062
1442,1.3699644
1443,0.695648
1444,0.93930036
1445,0.9834898
1446,0.68685895
1447,1.2820737
1448,1.2708433
1449,1.2815855
1450,1.341644
1451,1.013519
1452,1.7249448
1453,0.031341366
1454,1.2430112
1455,0.5735777
1456,0.40316755
1457,1.1941831
1458,0.7133348
1459,1.1209409
1460,1.4344175
1461,1.0369884
1462,1.22348
1463,2.4160497
1464,1.2937925
1465,0.9983824
1466,0.82260114
1467,2.197479
1468,1.2366636
1469,1.0408628
1470,0.07894879
1471,0.5555113
1472,-0.12612934
1473,0.92050153
1474,0.5716246
1475,0.55404645
1476,0.2557066
1477,1.0647886
1478,1.3035581
1479,1.3250425
1480,1.2308042
1481,0.26405084
1482,1.2903745
1483,2.3776596
1484,1.2976987
1485,0.9778746
1486,1.6536558
1487,0.113128476
1488,0.62973005
1489,-0.17874165
1490,0.9707141
1491,3.4345396
1492,1.0022886
1493,0.8494566
1494,1.2732847
1495,-1.9503481
1496,0.4226988
1497,1.0652769
1498,1.4305112
1499,-0.22842427
1500,0.5193785
1501,5.117523
1502,-0.18643208
1503,0.65727484
1504,-1.8190005
1505,1.1101379
1506,1.029144
1507,0.86410505
1508,1.2957456
1509,0.86361676
1510,0.5091246
1511,1.0716245
1512,1.0877378
1513,1.310394
1514,1.2986753
1515,-1.9908755
1516,0.07943707
1517,1.1166685
1518,0.4815367
1519,1.1287534
1520,-1.983063
1521,1.0494077
1522,1.2723081
1523,1.3001401
1524,9.640961
1525,1.3455503
1526,1.0686948
1527,0.17074566
1528,1.2410581
1529,0.35922223
1530,4.7839355
1531,0.28256208
1532,0.27572614
1533,1.2244565
1534,0.062347226
1535,0.699066
1536,0.74984723
1537,1.1097105
1538,0.015960505
1539,0.93734723
1540,1.3304136
1541,0.35610944
1542,1.8862387
1543,0.6717818
1544,1.9375913
1545,1.1722105
1546,0.78943634
1547,1.3489683
1548,-2.3047283
1549,0.14804058
1550,2.173309
1551,0.195648
1552,7.545746
1553,1.2835386
1554,-0.28482074
1555,1.2884214
1556,0.76742536
1557,1.3435972
1558,1.1324155
1559,-0.5585939
1560,-0.84655595
1561,1.1517026
1562,1.4585874
1563,0.555023
1564,1.3284605
1565,0.86898786
1566,0.8626402
1567,0.054290585
1568,1.1673276
1569,1.3367612
1570,0.29339582
1571,0.5675698
1572,2.0867612
1573,-0.16042857
1574,-0.1974184
1575,1.1951597
1576,-0.08755512
1577,0.59848005
1578,1.2493589
1579,1.0691831
1580,1.2527769
1581,0.98251325
1582,8.189789
1583,0.49506027
1584,1.1243589
1585,0.789398
1586,1.0149839
1587,1.0975034
1588,1.2195737
1589,0.66635114
1590,1.22348
1591,1.1951597
1592,-0.032135196
1593,2.0437925
1594,0.105315976
1595,1.239105
1596,1.3396909
1597,-0.24234028
1598,0.785991
1599,0.47811872
1600,1.2107847
1601,1.2820737
1602,0.99447614
1603,1.2591245
1604,3.5663226
1605,1.232269
1606,4.3753357
1607,1.1077573
1608,0.80948764
1609,0.31954938
1610,1.326019
1611,2.645477
1612,1.7742612
1613,1.4153745
1614,0.091673635
1615,4.7273865
1616,1.1966245
1617,1.0804136
1618,1.1687925
1619,1.0428159
1620,1.0618589
1621,-0.6339418
1622,0.8855894
1623,1.8650815
1624,0.4305113
1625,1.2059019
1626,1.2557065
1627,0.35873395
1628,1.1580503
1629,1.2986753
1630,2.1780944
1631,1.0813901
1632,1.4550002
1633,3.5752866
1634,0.21639995
1635,5.679535
1636,0.27719098
1637,1.9651867
1638,1.2537534
1639,0.11256557
1640,-0.59317034
1641,0.8035582
1642,1.2073667
1643,1.2350885
1644,1.2967222
1645,0.15243511
1646,6.4544373
1647,1.1507261
1648,0.6184996
1649,1.1595151
1650,1.141937
1651,1.1756284
1652,0.06747418
1653,1.0296323
1654,1.3030698
1655,1.1277769
1656,3.5652769
1657,1.3094175
1658,-0.30728167
1659,0.6145933
1660,1.0340269
1661,7.2458563
1662,1.2654722
1663,1.2566831
1664,0.94052106
1665,1.2293394
1666,0.58109146
1667,1.0569761
1668,1.3587339
1669,0.8411558
1670,0.38168317
1671,1.0212637
1672,0.60580426
1673,1.357269
1674,0.1824644
1675,1.0184019
1676,1.4778745
1677,1.1790464
1678,-0.1267397
1679,1.1834409
1680,0.18930034
1681,0.83822614
1682,-0.47720355
1683,1.2371519
1684,1.2242124
1685,1.1131284
1686,-0.020294378
1687,3.0696714
1688,1.2059019
1689,0.32748395
1690,10.143036
1691,1.3782651
1692,1.0867612
1693,0.12216168
1694,3.7840269
1695,-0.61245745
1696,-0.19033833
1697,0.43344098
1698,0.0904234
1699,1.2864683
1700,0.9510191
1701,0.9383238
1702,1.2566831
1703,-0.047027774
1704,2.1180112
1705,1.1761167
1706,0.9705774
1707,0.23373394
1708,1.070648
1709,1.6372983
1710,1.1580503
1711,-2.0415347
1712,0.0994566
1713,1.3348081
1714,0.38754255
1715,0.6668394
1716,1.3772886
1717,0.8216246
1718,2.140371
1719,0.9095152
1720,0.42318708
1721,1.2644956
1722,0.8645933
1723,1.3059995
1724,1.2708433
1725,2.8803403
1726,1.2991636
1727,1.1941831
1728,1.4749448
1729,1.8875425
1730,-1.4264224
1731,2.2088315
1732,3.683441
1733,0.55487865
1734,1.3543394
1735,1.7858579
1736,1.2059019
1737,1.1153257
1738,1.3338315
1739,0.25424176
1740,1.3435972
1741,-0.91714495
1742,0.3182066
1743,-0.31387347
1744,1.2810972
1745,2.4867036
1746,1.0022886
1747,0.32760602
1748,1.2522886
1749,0.7315367
1750,1.7875669
1751,1.3074644
1752,0.3194273
1753,0.041839413
1754,1.5213315
1755,-0.043121524
1756,-1.7750552
1757,-0.10684223
1758,1.2298276
1759,0.8499449
1760,1.9007261
1761,1.4851987
1762,1.2190855
1763,0.8684996
1764,2.93869
1765,15.105316
1766,0.6458433
1767,3.2042458
1768,1.1790464
1769,1.0408628
1770,1.2840269
1771,0.05551129
1772,0.060882382
1773,0.1409605
1774,-0.68765277
1775,-0.32510394
1776,0.76003623
1777,0.8020933
1778,0.8968199
1779,1.0833433
1780,1.1268003
1781,-1.0636294
1782,1.1878355
1783,1.5159605
1784,1.4297788
1785,1.1936948
1786,1.351898
1787,4.0315857
1788,3.3999784
1789,1.2630308
1790,-0.23574848
1791,0.19760112
1792,1.4202573
1793,0.7413442
1794,0.69345075
1795,0.74203473
1796,1.2405698
1797,-0.31192034
1798,1.2107847
1799,0.16146831
1800,-0.22732563
1801,2.0901792
1802,1.9617612
1803,0.8438414
1804,0.53947216
1805,0.64901716
1806,-0.09723682
1807,0.4329527
1808,0.36166364
1809,1.2308042
1810,0.99447614
1811,1.204437
1812,1.1517026
1813,0.1463316
1814,1.1805112
1815,0.43197614
1816,0.12850933
1817,-2.883942
1818,1.0872495
1819,1.3064878
1820,1.2723081
1821,1.3128355
1822,1.6008229
1823,1.2830503
1824,0.46859723
1825,0.32797223
1826,2.994476
1827,1.0657651
1828,0.33456403
1829,1.3333433
1830,3.0489194
1831,-0.32864398
1832,0.8763121
1833,1.1995542
1834,1.6624448
1835,0.80892926
1836,1.0247495
1837,1.3772886
1838,0.6407164
1839,1.3162534
1840,0.68734723
1841,1.9159249
1842,2.1803892
1843,0.65975934
1844,1.2801206
1845,1.364105
1846,-3.1157534
1847,1.0823667
1848,-0.035040922
1849,1.1028745
1850,1.0569761
1851,1.2122495
1852,1.3079526
1853,0.5159605
1854,1.0789487
1855,-2.5909731
1856,3.3460386
1857,0.10299664
1858,1.0354917
1859,-0.1300356
1860,0.31406757
1861,0.5916441
1862,0.16928081
1863,0.74790365
1864,0.87313825
1865,0.20516948
1866,8.207367
1867,1.3064878
1868,1.0350034
1869,1.239105
1870,1.1702573
1871,1.2864683
1872,1.1849058
1873,1.2714
1874,1.0906675
1875,0.50228864
1876,1.305023
1877,1.2176206
1878,1.086273
1879,1.0933821
1880,1.0642499
1881,1.1424253
1882,1.0906675
1883,1.310394
1884,0.24935894
1885,2.22348
1886,0.75858074
1887,1.2561948
1888,1.1038511
1889,2.269748
1890,1.3426206
1891,0.839691
1892,1.2605894
1893,1.9476011
1894,0.34563527
1895,1.3382261
1896,0.9930113
1897,1.2508237
1898,1.0711362
1899,0.62191755
1900,-1.1782534
1901,-0.041601382
1902,0.98666364
1903,0.55892926
1904,0.009612849
1905,1.1546323
1906,1.2640073
1907,1.2552183
1908,0.59359723
1909,1.3411558
1910,0.04110699
1911,0.1421812
1912,0.35409528
1913,0.1734312
1914,1.0989683
1915,-0.67163175
1916,-0.14224263
1917,3.0482175
1918,1.2806089
1919,1.2552183
1920,3.838268
1921,1.03598
1922,0.8728941
1923,1.25473
1924,1.2625425
1925,1.1976011
1926,1.0330503
1927,1.2625425
1928,0.21823101
1929,1.2908628
1930,0.37875348
1931,0.5813902
1932,0.40365583
1933,1.1526792
1934,1.301605
1935,0.8269957
1936,1.2610776
1937,1.9435177
1938,1.3333433
1939,0.19467144
1940,1.1053159
1941,1.0469663
1942,1.2679136
1943,1.6851499
1944,-0.1271059
1945,0.56600934
1946,0.6126402
1947,1.3792417
1948,3.8575132
1949,1.2000425
1950,1.1336362
1951,0.81234723
1952,0.6077574
1953,0.20858745
1954,-0.84683245
1955,1.2317808
1956,1.0061948
1957,0.3855499
1958,0.78109723
1959,1.0691831
1960,3.2771134
1961,1.2415464
1962,1.2708433
1963,1.2806089
1964,0.7432272
1965,0.5932124
1966,0.17855816
1967,0.3704527
1968,1.2903745
1969,1.258148
1970,0.7532652
1971,0.6233824
1972,1.2864683
1973,1.2142026
1974,2.7727964
1975,1.1668394
1976,1.3704526
1977,1.5281675
1978,1.1639097
1979,-0.2533266
1980,0.2976988
1981,0.78598005
1982,14.968109
1983,0.51010114
1984,-0.55081195
1985,4.002289
1986,1.3325382
1987,1.7676694
1988,0.97885114
1989,1.2884214
1990,0.9643248
1991,0.86654645
1992,1.2771909
1993,6.5211487
1994,0.7478941
1995,1.2054136
1996,2.2120757
1997,-0.42324847
1998,1.3465269
1999,1.242523
2000,1.3133237
2001,-2.6927035
2002,-0.35260588
2003,0.76254255
2004,0.7802283
2005,1.1116636
2006,1.5157646
2007,0.8548277
2008,2.3003185
2009,1.2889097
2010,0.7273863
2011,0.59359723
2012,1.1971128
2013,0.0125425365
2014,1.2649839
2015,1.1785581
2016,0.21859722
2017,2.0540464
2018,0.6726988
2019,2.3792417
2020,2.3166778
2021,0.3182066
2022,2.110005
2023,0.18734722
2024,1.176605
2025,0.68978864
2026,1.2869565
2027,1.1189878
2028,0.1902769
2029,1.3226011
2030,2.2850034
2031,1.301605
2032,0.30282575
2033,1.1131284
2034,-0.23208638
2035,1.2557065
2036,1.3157651
2037,1.1497495
2038,0.5691832
2039,7.1612244
2040,1.3001401
2041,1.1687925
2042,1.273773
2043,-0.47219867
2044,1.3135827
2045,0.87850934
2046,3.0303648
2047,1.3514097
2048,-0.09207172
2049,-0.23818989
2050,1.1004331
2051,3.1387632
2052,0.40442225
2053,5.267914
2054,1.2576597
2055,4.508148
2056,0.5403746
2057,-0.17820759
2058,1.1502378
2059,1.0867612
2060,1.2472837
2061,1.2625425
2062,1.0525815
2063,1.1238797
2064,1.341644
2065,0.5603941
2066,1.310394
2067,1.2957456
2068,0.29745466
2069,0.2022398
2070,3.4914854
2071,0.029806068
2072,1.270355
2073,0.18099956
2074,1.2942808
2075,0.16587387
2076,0.24740581
2077,1.273773
2078,1.9056089
2079,1.185394
2080,1.0955503
2081,1.2395933
2082,1.0872495
2083,3.7986753
2084,1.2527769
2085,0.8133238
2086,-0.5362856
2087,1.3338315
2088,0.29696637
2089,-0.48382586
2090,1.3123472
2091,0.21859722
2092,1.25473
2093,1.211273
2094,1.2879331
2095,1.3958433
2096,1.1692808
2097,1.2566831
2098,-0.18252583
2099,1.0701597
2100,0.7125957
2101,1.2762144
2102,1.201019
2103,-0.4408266
2104,0.75228864
2105,0.84066755
2106,2.1321533
2107,1.2898862
2108,1.1033628
2109,2.3128355
2110,-0.927643
2111,0.14302461
2112,1.289398
2113,9.339447
2114,0.4510191
2115,-0.2196352
2116,1.1370542
2117,1.3411558
2118,2.6648862
2119,1.1365659
2120,0.17514019
2121,0.43978864
2122,1.169769
2123,1.3118589
2124,-0.2984926
2125,1.1409605
2126,1.1023862
2127,1.154144
2128,1.2054136
2129,2.3802183
2130,0.1878355
2131,1.341644
2132,1.2972105
2133,-0.025019476
2134,1.2723081
2135,0.55393153
2136,4.9319763
2137,0.1463316
2138,3.2949755
2139,1.0257261
2140,1.2996519
2141,-0.06552143
2142,-0.15982075
2143,0.9412535
2144,1.2566831
2145,0.1475523
2146,1.2898862
2147,1.3533628
2148,0.5621031
2149,0.13949566
2150,10.246193
2151,1.22348
2152,1.341644
2153,4.601898
2154,0.22396831
2155,1.2034605
2156,1.2459409
2157,-0.12857075
2158,1.2576597
2159,-3.0858462
2160,1.1639097
2161,-1.2943423
2162,0.8387144
2163,1.266937
2164,1.2264097
2165,0.32015973
2166,0.08700543
2167,0.8572691
2168,0.6473082
2169,0.7708433
2170,1.0423276
2171,0.07968121
2172,1.0042417
2173,1.3538511
2174,0.08431988
2175,0.5677962
2176,2.2347105
2177,1.1624448
2178,1.298187
2179,0.91879255
2180,1.1936948
2181,1.2869565
2182,13.371185
2183,1.220062
2184,0.951428
2185,1.1521909
2186,0.9324644
2187,1.0960386
2188,0.8055113
2189,1.1829526
2190,9.31015
2191,-0.74526995
2192,1.5008237
2193,6.9358826
2194,10.282562
2195,1.1243589
2196,1.2713315
2197,-0.09536762
2198,1.3323667
2199,0.90267926
2200,0.76547223
2201,-0.025543401
2202,1.3699644
2203,0.68197614
2204,2.883148
2205,0.35092145
2206,1.2913511
2207,1.2312925
2208,1.1722105
2209,0.34774762
2210,0.9427183
2211,0.018279841
2212,1.1346128
2213,-0.1883852
2214,1.2953422
2215,0.47787458
2216,1.3724058
2217,1.25473
2218,-0.047760196
2219,1.341644
2220,1.2942808
2221,1.0276792
2222,-1.5049136
2223,1.5031786
2224,0.97103864
2225,3.1506622
2226,1.3040464
2227,0.5379332
2228,1.1370542
2229,1.2439878
2230,1.2732847
2231,1.1521909
2232,0.7801207
2233,1.1893003
2234,7.1683345
2235,0.367523
2236,1.0686948
2237,1.0750425
2238,0.8885191
2239,0.5879302
2240,0.8470152
2241,0.72055036
2242,1.2337339
2243,1.3079526
2244,1.1526792
2245,0.7154234
2246,1.4681089
2247,3.7296445
2248,1.1932065
2249,0.82748395
2250,1.2254331
2251,1.1746519
2252,1.2625425
2253,-0.22818013
2254,1.0608823
2255,1.2400815
2256,3.3270423
2257,-0.17337056
2258,1.4464601
2259,1.0386655
2260,1.0799253
2261,0.73861676
2262,1.4060972
2263,1.0755308
2264,1.2254331
2265,-0.035309024
2266,0.6629332
2267,0.8733824
2268,0.43952203
2269,1.0232847
2270,1.0940855
2271,1.2928159
2272,1.3465269
2273,0.90802485
2274,1.7815855
2275,0.5122984
2276,3.2542417
2277,0.6081236
2278,1.2508237
2279,0.6355894
2280,1.3357847
2281,0.049163632
2282,0.9622645
2283,0.8477548
2284,-0.9568178
2285,1.2684019
2286,-0.18862934
2287,1.3028257
2288,1.0740659
2289,0.3679809
2290,1.1663511
2291,-0.24966307
2292,1.1788535
2293,-0.18569966
2294,1.50473
2295,0.4065855
2296,2.871703
2297,2.2282917
2298,1.1678159
2299,1.1912534
2300,1.0022886
2301,4.0965047
2302,1.2786558
2303,-0.0018617604
2304,1.0843198
2305,-1.5528872
2306,1.1507261
2307,1.2146909
2308,-0.48965472
2309,0.30282575
2310,0.8855894
2311,1.0718687
2312,4.514984
2313,1.1565855
2314,0.98373395
2315,1.8438413
2316,0.6067808
2317,-0.17788716
2318,6.386811
2319,0.06014996
2320,0.53475934
2321,0.714691
2322,1.3489683
2323,18.973236
2324,1.774746
2325,1.2840269
2326,0.584806
2327,0.10409527
2328,2.2321408
2329,1.2796323
2330,0.3643492
2331,0.27852744
2332,1.3270454
2333,1.1277769
2334,1.0023255
2335,3.8451912
2336,0.4148863
2337,1.1556089
2338,1.1858823
2339,2.1489313
2340,0.24667339
2341,0.32260114
2342,1.1624448
2343,2.110687
2344,0.7688902
2345,0.5501402
2346,1.1443784
2347,1.0789487
2348,0.3166344
2349,0.92172223
2350,0.7630308
2351,1.2869565
2352,0.5350035
2353,0.5662535
2354,0.5457457
2355,-0.110016055
2356,1.3360074
2357,1.1863706
2358,0.6208949
2359,0.05673199
2360,0.609548
2361,1.0281675
2362,1.2185972
2363,-3.177643
2364,0.45541364
2365,0.680023
2366,1.294769
2367,0.19515972
2368,0.9695738
2369,0.6145933
2370,0.77572614
2371,-0.61294574
2372,0.6041783
2373,3.7590024
2374,1.3340757
2375,0.8309019
2376,1.2239683
2377,1.1145933
2378,1.1712339
2379,1.239105
2380,0.43441755
2381,-0.13228485
2382,1.1985776
2383,0.5418394
2384,1.3440855
2385,4.971527
2386,-0.07266254
2387,0.7635191
2388,1.1505549
2389,0.8504332
2390,0.83236676
2391,0.7958157
2392,0.29910618
2393,0.31918317
2394,1.0545347
2395,1.8428648
2396,1.154144
2397,0.39730817
2398,-0.2750551
2399,1.7415464
2400,1.0569761
2401,1.2640073
2402,1.1985776
2403,1.5994565
2404,4.379242
2405,1.8201845
2406,0.93685895
2407,1.3479917
2408,1.0472105
2409,1.4524839
2410,1.141937
2411,2.3665464
2412,1.2986753
2413,1.055023
2414,0.28353864
2415,0.88222885
2416,1.232269
2417,1.0711362
2418,0.30209333
2419,0.0223309
2420,1.3440855
2421,1.2747495
2422,1.2625425
2423,1.329437
2424,1.2659605
2425,1.1746519
2426,5.277191
2427,1.2884214
2428,1.7774351
2429,1.3567808
2430,1.3055112
2431,0.41537458
2432,-0.6217348
2433,0.17025737
2434,1.1062925
2435,-0.722809
2436,0.29208356
2437,0.88998395
2438,1.2962339
2439,1.1258237
2440,0.9798277
2441,0.2557066
2442,1.2102964
2443,1.1126401
2444,1.341644
2445,-0.28482074
2446,1.2171323
2447,0.40422225
2448,1.0545347
2449,1.3123472
2450,1.3392026
2451,10.31691
2452,0.69711286
2453,1.2913511
2454,-2.6961977
2455,0.9671324
2456,0.72992754
2457,-0.30654925
2458,0.6454085
2459,1.3265073
2460,-0.86953753
2461,3.40548
2462,1.0540464
2463,1.2332456
2464,1.8181635
2465,3.0230405
2466,1.1170347
2467,1.1741636
2468,0.16390972
2469,-0.06948871
2470,0.33749372
2471,-0.17739888
2472,1.313812
2473,1.3108823
2474,1.3553159
2475,3.751312
2476,1.9412534
2477,1.2244565
2478,0.042938046
2479,1.0843198
2480,0.3030699
2481,2.9325993
2482,1.2337339
2483,1.3182065
2484,1.330016
2485,0.79672223
2486,1.3372495
2487,1.2688901
2488,1.19223
2489,1.2850034
2490,0.1319273
2491,1.1717222
2492,1.2889097
2493,1.076019
2494,1.0057065
2495,1.8335874
2496,1.0227964
2497,1.3229065
2498,1.2034605
2499,-1.8004458
2500,7.2915955
2501,1.273773
2502,1.2684019
2503,1.133148
2504,0.8265074
2505,0.76272315
2506,0.8723487
2507,0.13510112
2508,4.9217224
2509,1.3211362
2510,1.2693784
2511,2.143175
2512,1.1580503
2513,0.64535505
2514,1.0486753
2515,2.3029473
2516,2.296478
2517,0.065765195
2518,0.9934996
2519,0.742523
2520,1.0721128
2521,0.98910505
2522,1.1292417
2523,2.168045
2524,0.9793394
2525,1.2684019
2526,1.1580503
2527,8.078225
2528,1.2464292
2529,0.36642438
2530,0.99398786
2531,1.2254331
2532,1.0057065
2533,-2.533356
2534,3.6336362
2535,1.008555
2536,1.2830503
2537,3.9664166
2538,1.3025815
2539,1.0647886
2540,0.3975523
2541,1.2610776
2542,-0.3993227
2543,1.470062
2544,1.9135587
2545,0.6936949
2546,1.2820737
2547,-0.92788714
2548,0.54086286
2549,1.1326597
2550,0.06381207
2551,1.1214292
2552,3.5443614
2553,0.26303083
2554,0.8699644
2555,0.49105817
2556,-0.71768206
2557,6.2430115
2558,0.42190534
2559,1.1648862
2560,0.5716313
2561,0.7161558
2562,0.23934917
2563,3.03384
2564,0.6224058
2565,0.1072691
2566,-0.22915669
2567,1.3040464
2568,1.0667417
2569,0.105071835
2570,1.1639097
2571,0.8215856
2572,1.0721128
2573,0.22494487
2574,-0.5255434
2575,1.2820737
2576,-1.061188
2577,0.18685894
2578,1.4322202
2579,0.022028377
2580,1.1873472
2581,0.19390103
2582,1.320648
2583,1.1692808
2584,1.3794469
2585,1.2410581
2586,1.2879331
2587,1.7698667
2588,0.30941755
2589,1.2293394
2590,1.3240659
2591,1.5240171
2592,1.2864683
2593,1.1121519
2594,-0.09674538
2595,1.2889097
2596,1.6902769
2597,0.9563902
2598,-0.09292621
2599,0.65835357
2600,1.2950132
2601,0.19979839
2602,0.9793394
2603,0.5921324
2604,0.6497496
2605,0.21713237
2606,2.755779
2607,3.370941
2608,1.4591033
2609,3.0193403
2610,0.98373395
2611,1.2483823
2612,1.3440855
2613,1.2654722
2614,0.7879332
2615,0.7038889
2616,1.0769956
2617,1.2596128
2618,0.23422222
2619,1.5358281
2620,1.1101987
2621,1.2093198
2622,-0.3915102
2623,0.20272808
2624,1.0345151
2625,1.2806089
2626,0.6551207
2627,1.3991392
2628,1.226898
2629,1.180023
2630,-0.48941058
2631,0.75424176
2632,1.1863706
2633,0.31356794
2634,0.8548277
2635,-0.6349184
2636,1.1365659
2637,-0.06664527
2638,0.39462262
2639,1.3558042
2640,1.2019956
2641,0.5140074
2642,0.14804058
2643,1.247894
2644,0.71200544
2645,1.0223081
2646,0.21469097
2647,-2.1085513
2648,1.2332456
2649,0.29965192
2650,1.0452573
2651,3.0356643
2652,0.33773786
2653,1.3899839
2654,0.57211286
2655,0.31014997
2656,1.3499448
2657,0.95809436
2658,0.3753355
2659,1.3533628
2660,1.2076519
2661,0.5860289
2662,0.00057964586
2663,1.2752378
2664,0.36898786
2665,0.1866148
2666,1.2620542
2667,8.321381
2668,1.1560972
2669,1.0628355
2670,1.3123472
2671,1.3348081
2672,0.5369566
2673,0.50628644
2674,0.9773863
2675,6.049164
2676,0.5975035
2677,1.1238706
2678,-2.6470191
2679,0.7353756
2680,1.305023
2681,1.2850034
2682,1.2488706
2683,1.1746519
2684,1.3494565
2685,-0.017730901
2686,1.2767026
2687,0.6497496
2688,1.2810972
2689,1.157562
2690,0.7535174
2691,2.1607358
2692,1.6656187
2693,0.9661558
2694,1.3475034
2695,1.1717222
2696,1.2561948
2697,1.1277769
2698,0.84799176
2699,-0.26333636
2700,0.03988629
2701,1.2781675
2702,0.020891782
2703,0.06478863
2704,1.3182065
2705,1.065521
2706,1.326019
2707,1.3499448
2708,0.59603864
2709,1.2063901
2710,4.1222677
2711,1.301605
2712,4.4898376
2713,1.8536069
2714,0.6180113
2715,2.9117124
2716,0.39364606
2717,-0.28750628
2718,1.2942808
2719,1.1763608
2720,1.016937
2721,-3.2125552
2722,1.1600034
2723,1.0389097
2724,0.9725035
2725,1.2771909
2726,0.26864606
2727,0.9231871
2728,4.080902
2729,2.870941
2730,1.0540464
2731,1.2278745
2732,0.5301207
2733,1.1809995
2734,1.2351987
2735,7.578949
2736,0.84310895
2737,1.6512144
2738,0.2437437
2739,0.28549176
2740,0.62924176
2741,1.2474058
2742,0.7626393
2743,1.9327419
2744,0.5530699
2745,0.63461286
2746,1.3738706
2747,1.1741636
2748,3.185504
2749,1.0594175
2750,-0.79299945
2751,1.2972105
2752,3.150726
2753,1.2503355
2754,0.7557066
2755,1.1722105
2756,-0.14590473
2757,0.59310895
2758,1.2630308
2759,1.2542417
2760,3.5230405
2761,2.596451
2762,-1.0602114
2763,0.42074567
2764,-0.2038271
2765,1.1390073
2766,1.1082456
2767,5.3245544
2768,1.2786558
2769,-0.11196918
2770,1.2874448
2771,2.3512878
2772,0.36996442
2773,0.8269957
2774,-0.30410784
2775,1.4079795
2776,6.5630093
2777,1.2776792
2778,0.17987947
2779,1.6673276
2780,0.6768492
2781,-0.3284418
2782,1.2273862
2783,-1.3973696
2784,0.9871519
2785,0.91303563
2786,1.4410093
2787,1.0618589
2788,2.171234
2789,0.13388042
2790,0.3001402
2791,1.3265073
2792,0.25131208
2793,-0.4667055
2794,1.1319273
2795,1.0444951
2796,1.1316831
2797,0.21347027
2798,0.995941
2799,1.2967222
2800,-2.8143923
2801,10.671234
2802,2.35201
2803,0.59310895
2804,1.3099058
2805,1.0975034
2806,1.1785581
2807,2.9065855
2808,0.72262555
2809,1.1829526
2810,0.23983745
2811,0.5867613
2812,1.1946714
2813,1.1512144
2814,1.3089292
2815,0.04452496
2816,1.3040464
2817,0.3079527
2818,1.0223081
2819,0.92904645
2820,1.232269
2821,0.56967145
2822,0.8582457
2823,-0.102203555
2824,1.0909116
2825,0.42904645
2826,0.5950621
2827,1.1775815
2828,1.1282651
2829,1.3084409
2830,0.23666362
2831,2.9676206
2832,1.1878355
2833,-0.36831683
2834,1.1819761
2835,-2.375641
2836,1.3753355
2837,-0.47195452
2838,0.61125606
2839,1.3582456
2840,0.72103864
2841,1.2063901
2842,0.26840192
2843,2.0686948
2844,3.7278745
2845,0.7840269
2846,0.3100279
2847,1.2093198
2848,-0.22280903
2849,1.266937
2850,1.3011167
2851,-0.2274477
2852,0.8475035
2853,1.1849058
2854,1.0101011
2855,2.0403745
2856,1.2552222
2857,0.56185895
2858,-1.5323794
2859,1.2312925
2860,1.0374448
2861,1.1365659
2862,0.7825621
2863,-0.044098087
2864,1.0867612
2865,1.1180112
2866,0.23080425
2867,1.890228
2868,0.75473005
2869,1.3348081
2870,1.1814878
2871,1.154144
2872,1.2869565
2873,1.1443784
2874,1.1048276
2875,1.0267026
2876,1.2469175
2877,1.3191831
2878,1.9323046
2879,5.2120056
2880,1.3421323
2881,1.0403745
2882,-0.17715473
2883,1.0379331
2884,0.2400816
2885,1.126312
2886,1.3089292
2887,0.38925153
2888,1.2317808
2889,6.057953
2890,1.4036558
2891,-0.8255922
2892,-0.30532855
2893,1.2205503
2894,1.2967222
2895,1.1111753
2896,1.2561948
2897,2.239572
2898,0.7178648
2899,1.0769956
2900,0.7019957
2901,1.7826259
2902,0.93685895
2903,1.2176206
2904,9.055756
2905,-0.18399067
2906,1.9156187
2907,0.21029644
2908,1.3670347
2909,0.16045429
2910,1.1980894
2911,1.0892026
2912,-0.6092836
2913,1.492523
2914,1.1770933
2915,1.0682065
2916,1.8177183
2917,1.3274839
2918,-0.27700824
2919,1.2684019
2920,0.6552991
2921,1.2444761
2922,0.8494566
2923,-0.018219182
2924,0.84017926
2925,-2.1153872
2926,1.2630308
2927,0.273773
2928,-0.11245746
2929,1.2884214
2930,5488.5215
2931,1.2845151
2932,0.5136874
2933,-3.391266
2934,3.3585508
2935,1.3304136
2936,-0.42422503
2937,0.3885191
2938,1.188812
2939,3.6118467
2940,1.2161558
2941,1.3094175
2942,1.2415464
2943,1.1346128
2944,0.9749449
2945,0.94833356
2946,0.45687848
2947,0.8802183
2948,9.405121
2949,0.9222105
2950,1.2386167
2951,-0.30093402
2952,0.7604446
2953,3.1116636
2954,-0.27993792
2955,-0.21646138
2956,1.7908628
2957,0.6587828
2958,1.2469175
2959,1.2610776
2960,2.011566
2961,1.1209409
2962,1.1902769
2963,0.88998395
2964,-0.1378481
2965,0.3211363
2966,0.4925213
2967,1.2713315
2968,0.17782573
2969,-0.3507387
2970,0.36093122
2971,0.6575621
2972,0.68685895
2973,-0.06802387
2974,1.4593198
2975,1.2693784
2976,2.0287778
2977,3.0450132
2978,1.3406675
2979,0.2256773
2980,0.6380308
2981,1.2723081
2982,-0.0016176198
2983,0.98617536
2984,1.1878355
2985,0.5945738
2986,1.3743589
2987,7.6631775
2988,0.8177183
2989,0.44223005
2990,0.7566832
2991,1.145355
2992,1.2732847
2993,1.2026811
2994,1.1663511
2995,1.1394956
2996,0.20590983
2997,1.2054136
2998,1.3460386
2999,1.6814878
3000,1.2781675
3001,1.0826108
3002,1.2688901
3003,0.6214801
3004,1.1868589
3005,0.29818708
3006,1.4180601
3007,1.4815366
3008,1.1424253
3009,-0.40274066
3010,1.3514097
3011,1.3147275
3012,-0.07469577
3013,1.1536558
3014,1.173187
3015,0.92416364
3016,-2.8021548
3017,1.0848081
3018,1.211273
3019,0.53305036
3020,1.262158
3021,1.2371519
3022,0.9744566
3023,1.1998342
3024,1.2317808
3025,0.7513121
3026,1.263519
3027,3.3880918
3028,3.613983
3029,4.663666
3030,11.483002
3031,0.09262066
3032,1.1935973
3033,0.67697126
3034,1.4153745
3035,1.2864683
3036,1.1673276
3037,1.0677183
3038,1.2239683
3039,1.3836362
3040,-0.18349738
3041,2.0853574
3042,0.84310895
3043,1.3182065
3044,1.2498472
3045,1.3523862
3046,-4.1288853
3047,1.2693784
3048,1.0525815
3049,0.14389019
3050,1.3045347
3051,1.2889097
3052,2.9762936
3053,1.2918394
3054,1.1971128
3055,-0.09634418
3056,1.3855894
3057,1.7059019
3058,1.2815855
3059,1.1009214
3060,0.999937
3061,0.5505206
3062,1.2654722
3063,1.2815855
3064,1.2757261
3065,7.4613895
3066,0.18856792
3067,2.4694622
3068,1.2806089
3069,1.0467598
3070,1.1912534
3071,1.1751401
3072,1.1990659
3073,1.2376401
3074,0.41293317
3075,-1.6311343
3076,0.6775816
3077,1.2830503
3078,1.1663511
3079,0.34396344
3080,0.18588237
3081,1.2806089
3082,-0.366852
3083,0.7200621
3084,1.1990659
3085,-0.29946917
3086,1.2439878
3087,1.6414487
3088,0.19515972
3089,0.471609
3090,-0.30096453
3091,1.2190855
3092,0.8318785
3093,0.20639278
3094,0.6858824
3095,1.3025815
3096,3.4446714
3097,1.3543394
3098,0.0369566
3099,0.94711286
3100,0.41830426
3101,1.6360776
3102,0.84017926
3103,0.89779645
3104,0.24325542
3105,0.39047223
3106,1.282562
3107,0.9888646
3108,0.4432066
3109,0.54916364
3110,4.1162415
3111,0.6341246
3112,1.1936948
3113,5.4365416
3114,1.2293394
3115,1.1580503
3116,-0.0035707448
3117,0.59463465
3118,0.48697573
3119,0.18685894
3120,0.8894957
3121,1.3396909
3122,1.211273
3123,1.3338315
3124,1.1648862
3125,1.4292905
3126,0.29428083
3127,1.2810972
3128,0.9353941
3129,0.17855816
3130,0.4695738
3131,-0.47464007
3132,0.40121442
3133,-3.0135806
3134,2.212982
3135,-1.4818423
3136,1.1170347
3137,0.8548277
3138,0.4978941
3139,1.0589292
3140,1.3318784
3141,1.0018003
3142,0.49298078
3143,0.7068785
3144,1.1463315
3145,0.35629255
3146,1.2972105
3147,1.1321714
3148,0.20858745
3149,2.8106108
3150,4.413666
3151,1.1785581
3152,-0.7359926
3153,4.820797
3154,0.045257382
3155,-0.0128480885
3156,1.1712339
3157,1.1648862
3158,0.3807066
3159,1.2820737
3160,0.7610777
3161,0.9700621
3162,0.4185484
3163,4.3592224
3164,1.2659605
3165,1.2083433
3166,-0.92080706
3167,1.3025815
3168,0.96273786
3169,0.6888121
3170,2.1546323
3171,0.9168394
3172,0.9695738
3173,1.2786558
3174,-1.012604
3175,0.10336285
3176,-0.81314105
3177,1.3952045
3178,2.860687
3179,1.1941831
3180,0.17316891
3181,0.1968687
3182,1.2684019
3183,0.082957745
3184,2.521643
3185,0.29330426
3186,0.22396831
3187,0.60092145
3188,1.2225034
3189,1.2327573
3190,1.2073667
3191,0.25106794
3192,0.5940855
3193,1.1111753
3194,1.2942808
3195,1.2640073
3196,1.2874448
3197,0.46273786
3198,0.933441
3199,1.1565855
3200,1.2342222
3201,1.0750425
3202,0.24950562
3203,-1.0189517
3204,1.9829912
3205,-0.023590276
3206,0.53109723
3207,3.744476
3208,2.905609
3209,0.58219767
3210,9.431976
3211,0.9124449
3212,-0.34097308
3213,0.116424374
3214,1.1993101
3215,0.53374004
3216,0.6313005
3217,0.6570738
3218,1.4224546
3219,0.17953472
3220,1.3250425
3221,-0.1715395
3222,5.3904724
3223,3.565725
3224,0.98422223
3225,1.2718198
3226,0.16372661
3227,0.38021833
3228,1.2420347
3229,0.047210507
3230,0.8777769
3231,0.7952574
3232,0.1343687
3233,-2.1019552
3234,0.7508238
3235,0.15048198
3236,1.1780698
3237,1.0579526
3238,1.1560972
3239,1.1658628
3240,1.0965269
3241,1.2991636
3242,0.69760114
3243,1.1883237
3244,1.2815919
3245,0.9388121
3246,4.150238
3247,1.2674253
3248,1.2019956
3249,0.8492875
3250,1.1614683
3251,0.85922223
3252,0.6419371
3253,0.5301207
3254,1.4146421
3255,0.46371442
3256,-0.27392596
3257,1.2024839
3258,12.064056
3259,1.25473
3260,3.4471128
3261,1.2278745
3262,0.37629062
3263,1.0613706
3264,1.1365659
3265,-0.019928167
3266,1.2039487
3267,1.2840269
3268,3.753279
3269,-0.4132387
3270,1.1551206
3271,0.59603864
3272,0.27719098
3273,1.235687
3274,1.0213315
3275,1.1819761
3276,1.2781675
3277,2.5997233
3278,0.8367613
3279,1.3968198
3280,1.1209409
3281,1.0833433
3282,1.1497495
3283,1.1404722
3284,0.056976132
3285,1.1785581
3286,1.232269
3287,1.0457456
3288,0.10189801
3289,1.2913511
3290,1.2933042
3291,1.0901792
3292,0.014983943
3293,0.6726796
3294,0.86632293
3295,1.258148
3296,-0.12661763
3297,1.2762144
3298,0.8372496
3299,1.2298276
3300,0.98422223
3301,0.73910505
3302,1.185394
3303,1.1526792
3304,2.1205747
3305,3.6705015
3306,-0.47280902
3307,1.0940855
3308,4.7496033
3309,1.1785581
3310,1.4314878
3311,1.0647886
3312,1.5027769
3313,1.2840269
3314,1.1775815
3315,0.8885191
3316,0.49154645
3317,1.2757261
3318,0.36996442
3319,1.4046323
3320,0.67172223
3321,1.3382261
3322,-1.837311
3323,0.7815855
3324,2.2093198
3325,1.1087339
3326,1.2928159
3327,0.65805036
3328,1.2449644
3329,0.7449644
3330,0.6731871
3331,1.0535581
3332,0.8807066
3333,1.0848081
3334,1.2259214
3335,0.95492536
3336,1.0725
3337,1.2059019
3338,1.0091245
3339,1.1722105
3340,0.6131285
3341,3.1971128
3342,0.3265074
3343,1.273773
3344,0.29501325
3345,1.9302179
3346,1.5474546
3347,4.4775085
3348,-4.278595
3349,1.391864
3350,0.8489683
3351,0.61703473
3352,1.2698667
3353,1.2820737
3354,0.65560895
3355,1.0101011
3356,-0.16549702
3357,1.2351987
3358,1.3440855
3359,1.6167905
3360,1.2708433
3361,-2.1419222
3362,0.3025816
3363,0.093932174
3364,0.28842145
3365,1.1233823
3366,0.5164488
3367,2.2452085
3368,0.6200383
3369,-0.04995746
3370,0.3704527
3371,1.3059995
3372,0.43734723
3373,0.7972105
3374,1.2059019
3375,0.2976988
3376,1.2762144
3377,2.0233977
3378,1.2908628
3379,-0.21646138
3380,1.114105
3381,1.2137144
3382,1.2342222
3383,-0.086090274
3384,0.9017027
3385,0.33773786
3386,1.2203279
3387,1.7776792
3388,0.19589214
3389,0.7508238
3390,1.1863706
3391,2.6787617
3392,1.1560972
3393,2.6724546
3394,2.6858823
3395,0.21273784
3396,0.2034605
3397,0.08431988
3398,0.8182066
3399,0.8871059
3400,0.62435895
3401,0.58773786
3402,1.1546323
3403,1.0833433
3404,0.5814069
3405,0.9544371
3406,0.58773786
3407,-3.0638735
3408,1.2708433
3409,1.2884214
3410,1.5579526
3411,1.211273
3412,0.63046247
3413,1.2908628
3414,1.3018836
3415,0.9153746
3416,14.782074
3417,1.2185972
3418,1.28598
3419,0.98617536
3420,1.6668394
3421,1.364105
3422,1.0682065
3423,0.09603863
3424,1.2864683
3425,1.164398
3426,0.9930113
3427,1.3743589
3428,0.9285582
3429,1.3528745
3430,2.258148
3431,1.0759152
3432,1.2913511
3433,1.2205503
3434,-0.8207094
3435,1.28598
3436,1.2107847
3437,1.1404722
3438,1.2976987
3439,1.8553159
3440,1.8826597
3441,0.9505308
3442,0.76986676
3443,0.57211286
3444,-0.70132464
3445,0.5942674
3446,0.57250065
3447,0.59017926
3448,-2.3072817
3449,-2.8056102
3450,0.4238025
3451,1.3313901
3452,1.2249448
3453,1.063812
3454,1.1720057
3455,-0.112229325
3456,1.565521
3457,-0.12808247
3458,-0.29287738
3459,1.1009214
3460,0.447357
3461,1.2884214
3462,2.5589292
3463,0.76742536
3464,2.7730424
3465,1.2107847
3466,0.35195905
3467,1.1590269
3468,0.5418394
3469,0.007151386
3470,1.0579526
3471,0.69053495
3472,2.8490903
3473,1.2405698
3474,1.3221128
3475,1.2308042
3476,0.9700621
3477,0.56356794
3478,1.3562925
3479,-0.2545473
3480,1.2122495
3481,1.0408628
3482,1.8734877
3483,-0.20132466
3484,1.2171323
3485,0.648773
3486,-0.027496526
3487,1.2952573
3488,1.1619565
3489,0.9553265
3490,-0.8800356
3491,0.27321666
3492,0.7278746
3493,1.2498472
3494,0.39486676
3495,0.6785582
3496,0.558441
3497,-1.5272524
3498,-0.3314516
3499,1.2879331
3500,0.7376402
3501,1.3304136
3502,1.3069761
3503,0.007659724
3504,0.65738636
3505,1.2933042
3506,0.63570625
3507,0.15756206
3508,1.176605
3509,0.523773
3510,-0.024322698
3511,1.2708433
3512,1.0193784
3513,0.5770606
3514,0.32284528
3515,0.15463237
3516,0.72958356
3517,1.184863
3518,1.0901792
3519,1.2957456
3520,1.0935972
3521,1.3435972
3522,1.258148
3523,1.2640073
3524,1.1980894
3525,1.247894
3526,0.6173203
3527,-1.9474185
3528,1.3748472
3529,9.564423
3530,1.1351011
3531,0.9280699
3532,2.0647886
3533,-0.3063051
3534,1.4246519
3535,0.6853941
3536,1.5433042
3537,-0.10730786
3538,0.7952574
3539,1.298187
3540,0.19100933
3541,0.9695738
3542,1.3191831
3543,0.05941754
3544,1.2366636
3545,1.2459409
3546,1.3382261
3547,1.0003355
3548,4.5794373
3549,11.345795
3550,1.1517026
3551,-0.12598798
3552,1.2767026
3553,-0.16836567
3554,0.62233686
3555,1.1893003
3556,1.1536558
3557,2.4277036
3558,1.4883307
3559,1.0890304
3560,1.3074644
3561,0.68441755
3562,-1.2159731
3563,1.1482847
3564,0.13021831
3565,1.3099058
3566,1.3226011
3567,-0.26382464
3568,0.24618511
3569,0.60385114
3570,1.2903745
3571,6.0186462
3572,1.2679136
3573,3.9104917
3574,-0.0045400206
3575,7.8106384
3576,0.14574625
3577,0.0071714427
3578,0.120940976
3579,0.35336286
3580,0.007659724
3581,2.2642546
3582,1.1809995
3583,1.0994565
3584,0.108978085
3585,2.006683
3586,1.2132261
3587,-1.8916712
3588,1.2049253
3589,0.36288434
3590,-0.06875629
3591,2.9116118
3592,0.6673277
3593,0.76742536
3594,0.004241755
3595,0.25302106
3596,1.2454526
3597,0.789398
3598,0.71859723
3599,-0.055816837
3600,-0.15933247
3601,1.1546323
3602,-0.2508852
3603,0.3638609
3604,1.5450132
3605,-0.6421816
3606,1.1038511
3607,1.2459409
3608,-0.035309024
3609,-0.22592182
3610,1.2386167
3611,1.1399839
3612,0.99569684
3613,0.89828473
3614,1.2713315
3615,0.12631206
3616,0.6565855
3617,1.305023
3618,0.7503355
3619,1.2830503
3620,0.92953473
3621,1.2767026
3622,1.204437
3623,0.005706599
3624,1.3565593
3625,1.7583717
3626,1.2796323
3627,0.31527692
3628,0.5830992
3629,0.04835295
3630,0.07650738
3631,1.3411558
3632,0.7527769
3633,1.216644
3634,1.2469175
3635,1.1448667
3636,0.6287535
3637,1.2952573
3638,1.326019
3639,1.1111753
3640,0.042083554
3641,1.313812
3642,1.3309019
3643,2.501312
3644,0.52572614
3645,0.6826973
3646,5.693695
3647,0.9671324
3648,0.9324644
3649,1.0025265
3650,1.3186948
3651,0.44931012
3652,0.5716246
3653,4.0120096
3654,0.6184996
3655,1.1497495
3656,0.73739606
3657,-0.048492618
3658,1.0193784
3659,1.5551536
3660,0.6722105
3661,1.2713315
3662,-0.5563051
3663,0.805023
3664,1.5564878
3665,0.5579527
3666,1.1839292
3667,0.7726537
3668,1.1526792
3669,0.32504255
3670,-0.5148012
3671,-1.0502017
3672,1.1844175
3673,1.3226011
3674,1.2869565
3675,-0.30947894
3676,1.2317808
3677,3.0184019
3678,1.2771909
3679,0.92172223
3680,0.3992613
3681,1.2542417
3682,0.9910582
3683,0.34652692
3684,0.86117536
3685,0.9954527
3686,0.47933942
3687,1.2483823
3688,2.4485817
3689,1.145355
3690,1.1468198
3691,0.1788023
3692,-0.35586566
3693,0.492523
3694,1.2019956
3695,-0.14614888
3696,0.93734723
3697,1.2557065
3698,0.9588316
3699,0.85873395
3700,2.525726
3701,1.2601011
3702,-0.5489809
3703,0.34310895
3704,3.150329
3705,1.0906675
3706,2.372894
3707,1.7347105
3708,1.2747495
3709,0.589773
3710,0.9881285
3711,1.0677183
3712,0.98666364
3713,1.2815855
3714,1.138519
3715,0.44541773
3716,1.1951597
3717,0.67646205
3718,4.457855
3719,-1.3722231
3720,0.86361676
3721,1.1873472
3722,0.1460763
3723,1.2928159
3724,1.2806089
3725,1.122894
3726,0.21713237
3727,1.7844541
3728,0.6529234
3729,0.52194196
3730,2.975433
3731,2.248373
3732,0.8802183
3733,1.0546472
3734,0.24839053
3735,0.7322691
3736,0.25839216
3737,-0.27285784
3738,1.4980762
3739,0.33212262
3740,0.6315611
3741,1.126312
3742,2.0308044
3743,1.2991636
3744,0.24809594
3745,1.2854917
3746,1.2015073
3747,0.8816832
3748,0.38754255
3749,0.2647398
3750,0.98861676
3751,1.3670347
3752,0.9432066
3753,1.1795347
3754,1.2029722
3755,-0.22305317
3756,2.3889244
3757,1.3226011
3758,0.44955203
3759,3.0567784
3760,-0.45718402
3761,1.1560972
3762,0.94515973
3763,1.3313901
3764,1.2732847
3765,4.019867
3766,-0.32388324
3767,-0.06607074
3768,1.6680601
3769,1.169769
3770,1.0354917
3771,0.10702496
3772,-0.19033833
3773,1.207855
3774,1.1726987
3775,1.2508237
3776,1.2342222
3777,-0.0802309
3778,1.1580503
3779,1.3289487
3780,1.9322202
3781,0.9256285
3782,1.4151679
3783,0.5481871
3784,0.30468875
3785,0.88998395
3786,2.842634
3787,0.77035505
3788,2.6271815
3789,0.41390973
3790,0.79867536
3791,-0.84072894
3792,1.1767054
3793,0.78842145
3794,1.1951597
3795,1.0686948
3796,2.2229917
3797,0.26791364
3798,1.1692808
3799,0.2178648
3800,1.0657651
3801,1.2161558
3802,0.25765973
3803,-0.5851137
3804,1.2928159
3805,-0.02481098
3806,1.2342222
3807,1.1219175
3808,1.4573667
3809,0.4872922
3810,-0.7721254
3811,0.6932066
3812,0.4671324
3813,-1.5624087
3814,1.0350034
3815,1.110687
3816,-0.29873675
3817,1.2498472
3818,0.9378355
3819,0.60140973
3820,1.2430112
3821,0.6150816
3822,-0.7179262
3823,1.0018003
3824,1.4963148
3825,1.2596128
3826,0.97885114
3827,2.195648
3828,1.2806089
3829,0.3367613
3830,0.120940976
3831,1.1971128
3832,2.1900625
3833,8.045258
3834,1.2830503
3835,1.2034605
3836,0.6602476
3837,9.575287
3838,0.980316
3839,0.8634544
3840,1.0428159
3841,1.1585386
3842,1.1180112
3843,0.46394545
3844,1.0374448
3845,1.1900613
3846,1.2381284
3847,1.2840269
3848,1.1111753
3849,1.1087339
3850,5.958832
3851,0.17391948
3852,2.553504
3853,1.1165464
3854,1.1951597
3855,0.7940367
3856,0.08334332
3857,0.40287268
3858,1.2198179
3859,1.2957456
3860,1.2538322
3861,0.2972105
3862,0.8260191
3863,0.66342145
3864,0.19052105
3865,0.67416364
3866,0.5950621
3867,1.1434019
3868,0.63265973
3869,1.2293394
3870,1.3152769
3871,1.0345151
3872,3.1156003
3873,0.94223005
3874,0.16806011
3875,1.2742612
3876,3.0418851
3877,1.2557065
3878,1.2889097
3879,1.3304384
3880,0.78842145
3881,1.1189878
3882,0.45980817
3883,1.1211921
3884,1.2171323
3885,1.2117612
3886,-1.1460268
3887,1.1145933
3888,0.5630025
3889,1.2796323
3890,1.1053159
3891,0.60873395
3892,1.1648862
3893,1.5755308
3894,0.5867613
3895,1.2986753
3896,0.29501325
3897,0.026946833
3898,1.332855
3899,1.3035581
3900,1.2056577
3901,2.5941856
3902,1.263519
3903,1.2918394
3904,0.65805036
3905,0.14584331
3906,1.313812
3907,0.94467145
3908,1.2137144
3909,0.7635191
3910,-0.10806293
3911,1.2845151
3912,1.2102964
3913,2.0663059
3914,1.2102964
3915,1.1580503
3916,1.5960386
3917,1.082855
3918,1.2610776
3919,1.1136167
3920,0.24618511
3921,1.2708433
3922,-1.163727
3923,0.867523
3924,-0.12661763
3925,2.7877557
3926,1.0965269
3927,1.247894
3928,0.32138044
3929,1.3934019
3930,0.2742613
3931,1.2054136
3932,0.72103864
3933,1.1629331
3934,1.2420347
3935,0.20248394
3936,1.273773
3937,0.43720454
3938,0.30941755
3939,1.7945249
3940,0.683441
3941,1.2962339
3942,1.3714292
3943,0.9087828
3944,1.0667417
3945,0.25668317
3946,2.37265
3947,0.7137144
3948,0.60336286
3949,1.3055112
3950,-0.06851215
3951,0.9256285
3952,0.10238629
3953,0.5789488
3954,1.2444761
3955,-0.18032856
3956,3.5701597
3957,1.0700688
3958,1.207855
3959,0.4620762
3960,8.123627
3961,0.51010114
3962,0.8402367
3963,1.0306089
3964,1.2347105
3965,1.2332456
3966,1.2732847
3967,1.0892026
3968,1.2952573
3969,5.2294617
3970,0.7718199
3971,0.2923277
3972,0.40731794
3973,4.011566
3974,0.9773863
3975,1.2659605
3976,0.4065855
3977,0.4600523
3978,1.1639097
3979,1.2181089
3980,1.3113706
3981,1.0018003
3982,0.61361676
3983,0.74935895
3984,1.6795347
3985,0.32699567
3986,-1.2047427
3987,1.0769956
3988,1.0339844
3989,1.2227476
3990,1.4429624
3991,1.2107847
3992,0.7696226
3993,0.100677304
3994,1.0623472
3995,0.8162535
3996,0.8289488
3997,1.2254331
3998,3.63681
3999,0.4329527
4000,1.0227964
4001,2.8479917
4002,1.2674253
4003,0.6655582
4004,0.20217656
4005,0.5525816
4006,0.38423494
4007,1.1077573
4008,1.0682065
4009,1.0848081
4010,0.7605894
4011,1.1746519
4012,1.2727964
4013,1.2195737
4014,0.30892926
4015,1.0906675
4016,0.22421245
4017,1.1678159
4018,0.7371519
4019,1.1790464
4020,-0.42300433
4021,1.2747495
4022,0.10997123
4023,0.9222105
4024,1.4861753
4025,1.34848
4026,0.44198063
4027,1.8401792
4028,1.2903745
4029,5.7903748
4030,1.2522886
4031,0.9402769
4032,1.3421323
4033,1.0730894
4034,1.2249448
4035,1.4967926
4036,0.043304257
4037,1.7107847
4038,0.43490583
4039,1.1717222
4040,1.1434019
4041,-1.8836977
4042,0.33822614
4043,1.279144
4044,0.035003476
4045,0.22103862
4046,2.7205503
4047,3.0348203
4048,0.61377126
4049,0.9726084
4050,1.2986753
4051,0.617523
4052,1.1492612
4053,0.4582781
4054,1.114105
4055,1.207855
4056,1.2801206
4057,4.3868103
4058,1.1687925
4059,1.341644
4060,5.786957
4061,1.289398
4062,3.084182
4063,2.6131284
4064,-0.036529727
4065,1.148773
4066,0.5887144
4067,2.0335386
4068,1.1424365
4069,0.52279645
4070,1.273773
4071,0.45687848
4072,-0.51797503
4073,0.25473005
4074,1.1995542
4075,0.9816117
4076,1.0674741
4077,1.2840269
4078,0.8645933
4079,1.2820737
4080,1.2586362
4081,1.2869565
4082,0.11898785
4083,1.1214292
4084,1.3382261
4085,1.2806089
4086,4.957123
4087,1.2767026
4088,3.5403745
4089,0.79769033
4090,2.2721705
4091,0.043304257
4092,1.3069761
4093,1.2957456
4094,2.0188901
4095,0.86947614
4096,0.14608745
4097,0.7410582
4098,1.2627866
4099,0.73373395
4100,3.2637022
4101,1.1995542
4102,1.8882749
4103,-0.030426214
4104,1.0799253
4105,1.2337339
4106,1.4622495
4107,1.2229917
4108,1.3265073
4109,2.0337775
4110,1.1951597
4111,0.7200621
4112,1.1458433
4113,-0.051178165
4114,-3.1020815
4115,1.2215269
4116,1.3011167
4117,0.93148786
4118,1.2410581
4119,-1.6085513
4120,1.9394349
4121,0.30160505
4122,0.9949644
4123,0.77523786
4124,2.34848
4125,0.38143903
4126,0.24984722
4127,1.0091245
4128,0.30062848
4129,0.9695738
4130,1.2156675
4131,1.2249448
4132,1.1560972
4133,0.94174176
4134,0.9832457
4135,1.3255308
4136,0.48230362
4137,1.2967222
4138,1.2420347
4139,1.2083433
4140,0.9192808
4141,1.2718198
4142,-1.7110903
4143,1.1311948
4144,1.2420347
4145,1.3357847
4146,0.15892051
4147,0.2815855
4148,1.336273
4149,5.9607277
4150,0.7767027
4151,0.8836363
4152,1.2659605
4153,0.98666364
4154,-0.96646136
4155,1.2752378
4156,1.0765073
4157,-0.1378481
4158,1.1946714
4159,0.116546445
4160,0.45325106
4161,0.5506064
4162,0.27816755
4163,0.8650816
4164,1.3069761
4165,6.0623474
4166,0.69345075
4167,1.0931089
4168,1.2538354
4169,0.42123395
4170,0.77328473
4171,1.266937
4172,2.7596128
4173,1.6857147
4174,0.7068785
4175,14.138031
4176,0.38168317
4177,0.33480817
4178,2.464996
4179,1.0989683
4180,1.1990659
4181,0.86947614
4182,1.195648
4183,1.2156675
4184,1.2376401
4185,1.1443784
4186,1.34848
4187,0.7741162
4188,1.3089292
4189,0.44174176
4190,2.0120542
4191,1.1946714
4192,1.2386167
4193,1.3059995
4194,1.1248472
4195,-0.02505512
4196,0.6077574
4197,4.6653748
4198,1.2898862
4199,-0.5338442
4200,0.5535582
4201,-2.2687075
4202,1.4296567
4203,0.6172789
4204,-0.2611391
4205,0.7664488
4206,1.2942808
4207,0.7918394
4208,1.2132261
4209,0.8655699
4210,0.23861675
4211,2.4796593
4212,-2.139313
4213,1.2986753
4214,1.03598
4215,5.330414
4216,1.3548276
4217,1.1663511
4218,1.3387144
4219,1.0613706
4220,0.9881285
4221,1.3055112
4222,0.44662458
4223,-2.698395
4224,1.2812762
4225,3.273773
4226,0.0805357
4227,0.7952574
4228,1.2957456
4229,0.8621519
4230,1.6394956
4231,1.0584409
4232,1.2684019
4233,8.204193
4234,18.213959
4235,0.8477722
4236,0.30111676
4237,1.2181089
4238,0.69711286
4239,1.1184995
4240,0.33236676
4241,1.2605894
4242,0.11947613
4243,1.207855
4244,0.5379332
4245,1.1971128
4246,0.9358824
4247,1.0519133
4248,1.2366636
4249,1.4939878
4250,1.544769
4251,1.2430112
4252,1.3157651
4253,0.7625889
4254,1.2605894
4255,1.2327573
4256,1.008148
4257,-0.2960512
4258,0.9324644
4259,1.7801206
4260,1.3157651
4261,2.2847593
4262,1.2601011
4263,1.4060972
4264,1.6495054
4265,1.2679136
4266,1.2215269
4267,1.1683042
4268,0.66390973
4269,1.6111753
4270,1.2415464
4271,1.2815855
4272,1.2093198
4273,0.57504255
4274,0.054534726
4275,0.24154644
4276,1.1355894
4277,0.7293394
4278,-0.6739809
4279,0.29940778
4280,11.042862
4281,1.2210386
4282,1.3025815
4283,1.0755308
4284,0.57015973
4285,2.2676554
4286,0.6980894
4287,-0.070465274
4288,1.6136167
4289,1.7249448
4290,1.3230894
4291,-0.59732074
4292,3.4886167
4293,0.6048277
4294,1.2098081
4295,1.1394956
4296,3.3528745
4297,2.389984
4298,0.18517032
4299,1.164398
4300,2.296017
4301,0.3770445
4302,0.07626324
4303,1.251312
4304,0.8318785
4305,1.0608823
4306,1.1868589
4307,1.1570737
4308,-0.78140277
4309,1.0190477
4310,0.20553999
4311,1.945648
4312,0.8035582
4313,1.376312
4314,0.85922223
4315,1.2005308
4316,0.30233747
4317,1.1409605
4318,2.0310972
4319,1.3182065
4320,1.1145933
4321,1.0852964
4322,0.7869566
4323,0.73648053
4324,1.3055112
4325,0.90145856
4326,1.3787534
4327,2.6614723
4328,1.8833921
4329,0.95541364
4330,2.5391538
4331,1.3084409
4332,1.3201597
4333,0.6263121
4334,-0.4205019
4335,0.52767926
4336,1.1150815
4337,0.7483824
4338,1.0408628
4339,2.7160337
4340,0.005706599
4341,0.7390358
4342,1.851898
4343,2.195648
4344,0.8494566
4345,1.173187
4346,0.43859223
4347,1.1683042
4348,1.3230894
4349,0.34359723
4350,0.21151714
4351,0.9480115
4352,1.239105
4353,0.94345075
4354,7.06723
4355,-0.1789365
4356,0.06869488
4357,0.37509137
4358,1.1268003
4359,1.2068784
4360,1.9690855
4361,1.0159605
4362,2.3365524
4363,0.73129255
4364,2.0880785
4365,0.22225933
4366,1.239105
4367,-0.21279927
4368,1.2439878
4369,0.9075621
4370,1.164398
4371,-0.121978946
4372,1.3925095
4373,1.3196714
4374,1.305023
4375,7.282074
4376,0.9876402
4377,0.95492536
4378,1.1438901
4379,1.3616636
4380,3.6431577
4381,1.1394956
4382,0.085784726
4383,-1.0216372
4384,0.3909605
4385,2.8357847
4386,0.5267027
4387,-0.060211368
4388,0.43441755
4389,-0.94961566
4390,1.2474058
4391,1.1160581
4392,0.667816
4393,1.4178159
4394,0.23702984
4395,1.7376401
4396,1.3128355
4397,-2.550873
4398,-0.21817036
4399,-0.26517883
4400,1.3509214
4401,1.2420347
4402,1.9392691
4403,1.3084409
4404,0.74203473
4405,2.5735776
4406,1.0271909
4407,1.1434019
4408,0.83114606
4409,0.6941832
4410,0.89242536
4411,-1.1190493
4412,1.0110776
4413,1.2288511
4414,-0.41958636
4415,0.90853864
4416,1.2688901
4417,-1.1987274
4418,4.1594543
4419,1.2083433
4420,3.0143735
4421,0.7864683
4422,0.79745466
4423,1.0926206
4424,0.5079039
4425,-0.06851215
4426,1.7107847
4427,0.2449644
4428,-0.17495747
4429,1.4303266
4430,0.5297509
4431,0.78890973
4432,1.0906675
4433,0.50546247
4434,1.2757261
4435,3.4327085
4436,1.2552183
4437,1.2698667
4438,2.2278745
4439,1.2488706
4440,-0.4300844
4441,0.5682066
4442,0.1890562
4443,1.2029722
4444,2.6993725
4445,1.141552
4446,0.38686734
4447,0.50961286
4448,0.8035612
4449,1.2776792
4450,1.1346128
4451,0.29818708
4452,1.2264097
4453,1.0032651
4454,5.6528625
4455,0.5345152
4456,1.3030698
4457,0.9583433
4458,1.3587339
4459,1.2688901
4460,0.8440855
4461,1.101898
4462,3.219595
4463,0.46444684
4464,1.6570737
4465,0.9441832
4466,1.2132261
4467,1.2820737
4468,0.92123395
4469,1.2942808
4470,1.1658628
4471,-0.059723087
4472,1.3601987
4473,0.7845152
4474,0.5755308
4475,-0.16030903
4476,1.3470151
4477,1.2477734
4478,1.28598
4479,1.2576597
4480,0.8152769
4481,1.2840269
4482,0.41293317
4483,1.2972105
4484,1.1502378
4485,1.2854917
4486,1.289398
4487,6.514496
4488,1.6153257
4489,-1.3570864
4490,1.2225034
4491,0.9153746
4492,1.8843687
4493,1.0486753
4494,0.6150816
4495,0.8860777
4496,0.67953473
4497,1.3309019
4498,1.2781675
4499,3.6169736
4500,2.8723447
4501,5.058441
4502,0.39047223
4503,1.2508237
4504,4.1004333
4505,0.8338316
4506,6.561778
4507,0.51010114
4508,0.19945009
4509,0.2862242
4510,1.2483823
4511,-3.2137759
4512,1.2146909
4513,1.1961362
4514,-0.21401997
4515,4.7588806
4516,0.63748294
4517,0.574936
4518,1.367523
4519,1.6138608
4520,1.0564878
4521,1.6607642
4522,-0.63296527
4523,0.275482
4524,0.9231871
4525,1.8853452
4526,1.4917561
4527,1.5490634
4528,7.976898
4529,1.1531675
4530,-0.194977
4531,1.0965269
4532,-0.07302875
4533,0.10661827
4534,1.3802183
4535,1.2483823
4536,0.6434019
4537,1.0105894
4538,1.1570737
4539,-0.23957454
4540,0.05245953
4541,1.0911558
4542,-0.27212542
4543,1.1746519
4544,-0.16934223
4545,0.792816
4546,1.2527769
4547,0.36654645
4548,1.6028745
4549,2.701019
4550,1.3001401
4551,1.2801206
4552,0.2428907
4553,3.3963315
4554,0.31527692
4555,0.38046247
4556,-0.1559145
4557,1.3089292
4558,1.3279722
4559,1.2537534
4560,1.2488706
4561,-3.6709592
4562,1.2869565
4563,2.3544614
4564,1.1975152
4565,0.5933531
4566,0.38558942
4567,0.7273863
4568,0.3030699
4569,1.1570737
4570,1.3880308
4571,1.1238706
4572,1.0032651
4573,0.24270867
4574,1.3191831
4575,-4.903262
4576,0.2791441
4577,1.6451108
4578,0.8445738
4579,0.9214781
4580,-0.7246401
4581,0.65609723
4582,-0.75064105
4583,1.0374448
4584,-0.23091006
4585,1.1556089
4586,0.48594722
4587,-0.07217426
4588,0.33041364
4589,0.47640973
4590,13.472504
4591,2.0042417
4592,1.2012632
4593,1.1556089
4594,0.15829448
4595,1.2405698
4596,0.4847105
4597,0.54330426
4598,2.871148
4599,1.5018003
4600,0.8260191
4601,1.2850034
4602,0.9881285
4603,0.57678384
4604,1.2566831
4605,3.9654233
4606,1.3143003
4607,1.3429868
4608,0.22055034
4609,0.29916364
4610,1.0425718
4611,3.07843
4612,0.77328473
4613,1.3147886
4614,3.8343198
4615,1.0804136
4616,0.648773
4617,1.2029722
4618,2.8418882
4619,1.282562
4620,0.90853864
4621,0.29623395
4622,1.110687
4623,10.981293
4624,2.4851987
4625,6.615082
4626,1.22348
4627,1.0765073
4628,0.49105817
4629,0.2898863
4630,1.2019956
4631,1.2586362
4632,0.9297789
4633,-0.008905599
4634,1.232269
4635,0.24227886
4636,1.4183042
4637,1.3011167
4638,1.2552183
4639,0.320648
4640,1.0594175
4641,0.15341167
4642,1.2771909
4643,-0.02529926
4644,-0.09292621
4645,0.539398
4646,0.8914488
4647,1.2801206
4648,0.17782573
4649,1.298187
4650,2.0997007
4651,1.2708433
4652,-0.34158343
4653,1.2381284
4654,0.57455426
4655,0.16830425
4656,1.5589292
4657,0.037444882
4658,2.9209676
4659,1.2220151
4660,1.3040464
4661,1.2102964
4662,-0.18451835
4663,1.1184995
4664,-0.9938051
4665,1.3182065
4666,0.29745466
4667,1.3040464
4668,1.1863706
4669,0.4596315
4670,1.9859312
4671,1.0633237
4672,0.5076033
4673,0.0074155834
4674,1.2342222
4675,0.84603864
4676,-0.22671528
4677,2.355316
4678,0.1216734
4679,-0.26174945
4680,-0.03775043
4681,0.30715218
4682,1.0384214
4683,1.2508237
4684,1.2337339
4685,1.4949644
4686,1.1355894
4687,0.6178245
4688,1.5350034
4689,1.3099058
4690,1.3357847
4691,8.222504
4692,-1.0089419
4693,1.1917417
4694,1.1311948
4695,1.1155698
4696,1.1438901
4697,-2.0690005
4698,2.85438
4699,0.9793394
4700,1.1048276
4701,0.33694953
4702,-0.14785786
4703,-0.04531879
4704,1.1546323
4705,1.0320737
4706,0.5472364
4707,0.8396036
4708,2.608575
4709,0.26791364
4710,1.1707456
4711,0.7708433
4712,1.0716245
4713,0.04403668
4714,1.1009214
4715,1.2469175
4716,0.7381285
4717,0.67172223
4718,0.53890973
4719,0.35433942
4720,1.2283628
4721,1.0686948
4722,1.2351987
4723,2.8559864
4724,1.1726987
4725,1.2264097
4726,1.1580503
4727,0.97055036
4728,1.0975034
4729,1.2015073
4730,0.57455426
4731,1.266937
4732,-0.03726215
4733,1.4476032
4734,1.301605
4735,0.45766973
4736,1.3157651
4737,0.987766
4738,1.0750425
4739,0.26571637
4740,0.6829527
4741,1.1780698
4742,0.4124449
4743,0.6473082
4744,1.1936948
4745,1.3196714
4746,1.3616636
4747,1.3099058
4748,0.020843318
4749,1.2840269
4750,1.3265073
4751,1.2264097
4752,-0.94302386
4753,-0.31900042
4754,1.1858823
4755,1.313812
4756,-2.314606
4757,0.79623395
4758,1.3186948
4759,0.7273863
4760,3.184871
4761,0.19784527
4762,1.2571714
4763,0.9075621
4764,1.5574951
4765,0.3968199
4766,1.0823667
4767,-1.1913149
4768,1.0105894
4769,1.0574644
4770,0.58940315
4771,0.8877867
4772,0.824066
4773,2.004321
4774,0.8158878
4775,3.4130766
4776,-0.68606585
4777,1.2351987
4778,0.2784117
4779,1.5188901
4780,4.1995544
4781,2.5286558
4782,2.0889633
4783,0.6380308
4784,3.454437
4785,1.5442808
4786,1.2659605
4787,0.80111676
4788,1.0530698
4789,-2.8726642
4790,1.2967222
4791,0.053069882
4792,0.7495279
4793,0.96078473
4794,1.00473
4795,0.08724957
4796,1.1770933
4797,1.2957456
4798,1.2518003
4799,1.3714292
4800,2.0449715
4801,1.2850034
4802,1.1204526
4803,1.0174253
4804,1.1028745
4805,6.3247347
4806,0.839691
4807,-0.37881488
4808,2.8241818
4809,1.2845151
4810,1.3147886
4811,1.1580503
4812,0.39169294
4813,1.2522886
4814,1.7351987
4815,18.032806
4816,-0.32705706
4817,0.48715192
4818,0.6829527
4819,1.3196714
4820,1.5830797
4821,-0.22720356
4822,3.412614
4823,1.1136167
4824,1.3274839
4825,1.2436182
4826,1.2332456
4827,0.017425349
4828,1.3423765
4829,1.3645933
4830,5.0037713
4831,-0.19058247
4832,0.91049176
4833,1.2532651
4834,0.81967145
4835,3.7658713
4836,0.9485777
4837,1.2723081
4838,0.4593199
4839,5.444008
4840,1.2542417
4841,1.1863706
4842,1.3475034
4843,0.85336286
4844,11.126556
4845,0.5599058
4846,0.99935895
4847,1.4025027
4848,0.9427183
4849,1.3108823
4850,0.4070738
4851,1.2063901
4852,1.7582814
4853,1.6927183
4854,1.141937
4855,1.2830503
4856,0.24667339
4857,1.2273862
4858,1.016937
4859,1.2181089
4860,0.99154645
4861,1.1775815
4862,0.23043804
4863,-0.23233052
4864,1.2840269
4865,1.2146909
4866,0.48324567
4867,1.1687925
4868,1.1966245
4869,1.0935972
4870,0.3001402
4871,0.7273863
4872,-2.203522
4873,0.7957457
4874,-0.04922504
4875,1.1839292
4876,1.1165464
4877,1.3089292
4878,0.2976988
4879,0.4416197
4880,-0.34487933
4881,4.1551385
4882,3.7742612
4883,-0.4288637
4884,1.2254331
4885,1.1614683
4886,1.5101011
4887,1.3465269
4888,0.67416364
4889,0.36202154
4890,1.2083433
4891,1.3299253
4892,1.1009214
4893,-0.6783754
4894,0.7498732
4895,1.1219175
4896,0.33529645
4897,1.079437
4898,0.36154157
4899,-0.6925356
4900,1.2386167
4901,0.28109723
4902,1.3665464
4903,0.5379332
4904,0.7329673
4905,0.60092145
4906,1.2928159
4907,-0.020172307
4908,0.90267926
4909,0.25424176
4910,1.3772886
4911,0.56234723
4912,1.2156675
4913,1.3401239
4914,0.059173398
4915,1.6717222
4916,0.31625348
4917,1.0833433
4918,1.2864683
4919,1.1258237
4920,1.2674253
4921,0.7044371
4922,-0.83950824
4923,1.1287534
4924,0.57015973
4925,0.49398786
4926,2.5301206
4927,-0.030014386
4928,1.141937
4929,0.69515973
4930,-0.42617816
4931,7.3382263
4932,0.8209514
4933,0.20175152
4934,1.1043394
4935,0.9432066
4936,1.2405698
4937,0.5657652
4938,0.527191
4939,1.1492612
4940,1.1014097
4941,2.30145
4942,1.1080561
4943,-0.14614888
4944,1.2810972
4945,-3.172272
4946,1.2879331
4947,1.1536558
4948,0.34896833
4949,1.1780698
4950,1.22348
4951,2.3877394
4952,-0.18423481
4953,0.5337828
4954,1.1780698
4955,0.3278349
4956,1.3445737
4957,1.351898
4958,0.7176207
4959,1.1009214
4960,1.2493589
4961,1.25473
4962,1.7195737
4963,0.88998395
4964,-0.094103284
4965,2.7121205
4966,0.37191755
4967,-0.32876605
4968,0.9176568
4969,1.4165881
4970,-0.9342486
4971,0.148773
4972,1.1946714
4973,1.3352964
4974,1.2225034
4975,1.1360776
4976,4.3990173
4977,1.0647886
4978,1.4710386
4979,0.22006206
4980,0.5682066
4981,1.3269956
4982,1.3245542
4983,-0.5423891
4984,1.2884214
4985,-1.2130435
4986,0.8099058
4987,1.2630308
4988,1.282562
4989,1.1458433
4990,1.2830503
4991,1.3699644
4992,1.0735776
4993,0.92611676
4994,1.2552183
4995,0.6763788
4996,-2.9248965
4997,1.2781675
4998,0.76791364
4999,0.7903746
5000,1.3465269
5001,-0.13418598
5002,0.16781597
5003,1.251312
5004,1.3494565
5005,1.2957456
5006,1.2347105
5007,1.3601987
5008,1.2029722
5009,-0.31753558
5010,9.509125
5011,-1.8443911
5012,0.09066754
5013,0.19882183
5014,-0.1402895
5015,1.1639097
5016,0.57027996
5017,1.485687
5018,-0.7147524
5019,0.08090191
5020,0.1746519
5021,0.28842145
5022,1.30977
5023,1.3211362
5024,0.5754332
5025,1.5108967
5026,-0.5362856
5027,0.7825621
5028,0.761566
5029,0.17269878
5030,1.3548276
5031,1.2439878
5032,1.0691831
5033,0.2059019
5034,1.1028745
5035,1.3001401
5036,1.1180112
5037,0.8660582
5038,3.7054136
5039,0.70004255
5040,2.494387
5041,0.20053081
5042,0.98202497
5043,2.2259214
5044,1.6463315
5045,-2.7810059
5046,1.2439878
5047,0.9690855
5048,1.2400815
5049,4.33255
5050,1.6391792
5051,-0.074371524
5052,1.2821916
5053,2.9222105
5054,1.1932065
5055,1.7486663
5056,1.0940855
5057,1.1404722
5058,1.2298276
5059,0.49203473
5060,1.2486265
5061,0.9205892
5062,1.1224058
5063,0.120452695
5064,1.220062
5065,0.30038434
5066,0.80941755
5067,-0.17593403
5068,0.32361808
5069,-0.39370745
5070,1.1873472
5071,2.3802211
5072,1.6517026
5073,-0.6114809
5074,-0.42630023
5075,1.2488706
5076,1.2928159
5077,1.1897886
5078,0.45453098
5079,1.001312
5080,0.054046445
5081,1.2991636
5082,4.8885193
5083,-0.07229633
5084,1.1683042
5085,1.2293394
5086,0.3096617
5087,0.8840025
5088,0.992523
5089,1.4559019
5090,1.2142026
5091,-0.41250628
5092,0.82504255
5093,0.5048626
5094,1.2815855
5095,2.4480894
5096,0.8133091
5097,1.2000425
5098,0.8597105
5099,1.263519
5100,0.13803081
5101,1.0765073
5102,0.3470152
5103,1.3045347
5104,1.2937925
5105,1.1683204
5106,0.51986676
5107,1.3099058
5108,0.5926207
5109,1.3221128
5110,1.157562
5111,1.310394
5112,0.89828473
5113,1.9363706
5114,0.8582457
5115,-0.6521303
5116,1.1507261
5117,1.0804136
5118,2.3123472
5119,1.2806089
5120,0.50558454
5121,1.2679136
5122,0.2727344
5123,0.6558057
5124,0.9996031
5125,0.28793317
5126,1.1287534
5127,0.64291364
5128,1.0472105
5129,1.2207944
5130,0.42959577
5131,1.3720437
5132,1.2972105
5133,1.1517026
5134,1.0501401
5135,1.2488706
5136,1.2393491
5137,0.10113149
5138,1.0652769
5139,0.10629254
5140,-0.12490863
5141,0.4580992
5142,0.042571835
5143,3.0926206
5144,1.1932065
5145,0.6878355
5146,-0.1690981
5147,1.1482847
5148,0.28469148
5149,0.67123395
5150,1.2874448
5151,1.7298276
5152,10.023773
5153,1.1707456
5154,5.989105
5155,0.5412728
5156,0.86166364
5157,1.0686948
5158,0.98910505
5159,-0.9042055
5160,1.3875425
5161,0.65072614
5162,1.5882261
5163,1.3406451
5164,1.3807065
5165,1.9080503
5166,2.242523
5167,1.2601011
5168,1.4212339
5169,1.1990659
5170,1.247894
5171,1.9335569
5172,1.7025265
5173,1.2625425
5174,0.21029644
5175,-1.6681273
5176,0.29428083
5177,0.9930113
5178,1.34848
5179,1.1663511
5180,1.1687925
5181,0.8802183
5182,0.29428083
5183,6.8623962
5184,0.4905699
5185,1.2518003
5186,0.995941
5187,0.4847654
5188,1.5027769
5189,0.65072614
5190,0.7005308
5191,1.0921323
5192,0.29086286
5193,1.3182065
5194,0.90023786
5195,1.2381284
5196,0.38742048
5197,0.9876402
5198,2.969862
5199,1.2137144
5200,0.35873395
5201,-3.3292544
5202,0.9363707
5203,1.2498472
5204,0.8777769
5205,2.3359091
5206,0.7376402
5207,1.3289487
5208,1.0374448
5209,0.81893903
5210,0.9744566
5211,0.8494566
5212,1.1145933
5213,1.2024839
5214,0.07561501
5215,0.3157652
5216,1.4036558
5217,0.9881285
5218,2.7611136
5219,1.6434019
5220,1.2771909
5221,0.25790387
5222,1.3147886
5223,1.313812
5224,0.48887473
5225,0.84555036
5226,1.0594175
5227,1.2151792
5228,1.1145933
5229,1.3040464
5230,1.2293394
5231,1.2601011
5232,1.2039487
5233,1.2620542
5234,0.38510114
5235,0.9012029
5236,-0.5484926
5237,0.7864683
5238,0.5140074
5239,0.3133238
5240,0.8338316
5241,0.93734723
5242,1.4273374
5243,0.9441832
5244,1.2732847
5245,1.2464292
5246,1.2986753
5247,1.1883237
5248,1.3255308
5249,4.1529684
5250,0.6941832
5251,-0.3548891
5252,0.59689313
5253,0.21215914
5254,1.2815855
5255,0.67904645
5256,3.0218198
5257,1.2063901
5258,-0.20645161
5259,0.80892926
5260,1.1077573
5261,1.8113706
5262,1.1829526
5263,1.8444767
5264,1.2503355
5265,0.2059019
5266,1.0384214
5267,1.0662534
5268,1.3489683
5269,-0.1751704
5270,1.3597105
5271,0.19578917
5272,0.69515973
5273,0.7754651
5274,0.43246442
5275,0.7491456
5276,1.2674253
5277,-0.22476216
5278,1.247894
5279,5.025238
5280,1.3833921
5281,1.7596128
5282,1.0872495
5283,1.25473
5284,1.2456968
5285,1.0027769
5286,1.044769
5287,0.31893903
5288,-0.17593403
5289,0.11936484
5290,0.93270856
5291,1.0569761
5292,-0.22686787
5293,-0.07868976
5294,0.14071636
5295,1.1145933
5296,1.174896
5297,1.1770933
5298,1.0628355
5299,0.18099956
5300,1.3006284
5301,1.0296323
5302,1.1585386
5303,1.0711362
5304,1.0698922
5305,1.3338315
5306,2.3804624
5307,1.2972105
5308,0.2203062
5309,0.96029645
5310,1.060394
5311,1.1167905
5312,0.67172223
5313,1.7718198
5314,1.2908628
5315,0.23251323
5316,0.09603863
5317,0.836273
5318,1.0716245
5319,1.1570737
5320,1.2454526
5321,0.1578062
5322,1.360687
5323,2.2884214
5324,-2.465729
5325,1.185394
5326,1.3160052
5327,1.2302531
5328,0.11972027
5329,1.3006284
5330,0.777191
5331,0.7176207
5332,0.34188825
5333,1.1204526
5334,1.2483823
5335,1.1277769
5336,4.974457
5337,1.7532651
5338,1.2532651
5339,0.5570982
5340,0.8269957
5341,0.5320738
5342,0.84017926
5343,2.3094175
5344,0.69223005
5345,0.6258238
5346,1.8396909
5347,1.2659605
5348,0.8001402
5349,-0.4698593
5350,1.242523
5351,0.6263121
5352,1.0682065
5353,1.7857358
5354,1.0589292
5355,1.2688901
5356,1.294769
5357,1.7259214
5358,0.7898863
5359,0.8182066
5360,1.9850833
5361,1.4222105
5362,1.1844175
5363,1.8949993
5364,0.5296324
5365,1.2498472
5366,0.3716734
5367,1.2415464
5368,0.23886089
5369,0.03329449
5370,0.9353941
5371,0.49398786
5372,0.6985777
5373,1.2601011
5374,1.2488706
5375,4767.845
5376,0.10906225
5377,0.15756206
5378,0.08431988
5379,1.1023862
5380,0.5574644
5381,1.4096857
5382,1.5716245
5383,0.6927183
5384,0.4407652
5385,0.6077574
5386,0.90853864
5387,-0.07583637
5388,1.341644
5389,1.4353969
5390,0.0047300365
5391,1.3118589
5392,1.7298276
5393,0.7879332
5394,-4.7535934
5395,1.3548276
5396,1.0242612
5397,0.92123395
5398,1.3382261
5399,1.0994565
5400,1.2430112
5401,1.0970151
5402,1.1604917
5403,1.2132261
5404,-2.9706118
5405,0.91974795
5406,0.37728864
5407,2.4869077
5408,1.2483823
5409,0.980316
5410,1.1399839
5411,0.30087262
5412,0.5398863
5413,0.25424176
5414,1.1722105
5415,0.98861676
5416,1.3191831
5417,1.270355
5418,1.729465
5419,0.33334333
5420,1.1404722
5421,0.9107123
5422,3.4433286
5423,1.2796323
5424,-0.29080218
5425,0.83773786
5426,-0.56436175
5427,1.0564878
5428,0.63754255
5429,0.7561949
5430,1.1780698
5431,1.2181089
5432,1.2679136
5433,0.30990583
5434,0.26295376
5435,0.84799683
5436,1.2723081
5437,-0.06607074
5438,1.647064
5439,0.9219664
5440,0.018890193
5441,1.258148
5442,0.4469908
5443,1.006439
5444,-0.58987445
5445,-0.3915102
5446,0.66342145
5447,1.3504331
5448,0.98129255
5449,0.48756212
5450,0.6360777
5451,0.9690855
5452,0.23275737
5453,0.9666441
5454,1.2884214
5455,0.0027769115
5456,0.6985777
5457,1.1927183
5458,4.276703
5459,0.15398256
5460,1.2840269
5461,6.7478943
5462,-0.5238344
5463,1.2185972
5464,0.20519458
5465,0.8782652
5466,1.0018003
5467,1.3059995
5468,4.255951
5469,1.3489683
5470,1.0442808
5471,0.95492536
5472,0.36210057
5473,1.4902952
5474,1.1841276
